--
-- PostgreSQL database dump
--

-- Dumped from database version 17.5
-- Dumped by pg_dump version 17.5

SET statement_timeout = 0;
SET lock_timeout = 0;
SET idle_in_transaction_session_timeout = 0;
SET transaction_timeout = 0;
SET client_encoding = 'UTF8';
SET standard_conforming_strings = on;
SELECT pg_catalog.set_config('search_path', '', false);
SET check_function_bodies = false;
SET xmloption = content;
SET client_min_messages = warning;
SET row_security = off;

SET default_tablespace = '';

SET default_table_access_method = heap;

--
-- Name: claims; Type: TABLE; Schema: public; Owner: postgres
--

CREATE TABLE public.claims (
    claim_id integer NOT NULL,
    food_id integer,
    receiver_id integer,
    status character varying(20),
    "timestamp" timestamp without time zone
);


ALTER TABLE public.claims OWNER TO postgres;

--
-- Name: claims_claim_id_seq; Type: SEQUENCE; Schema: public; Owner: postgres
--

CREATE SEQUENCE public.claims_claim_id_seq
    AS integer
    START WITH 1
    INCREMENT BY 1
    NO MINVALUE
    NO MAXVALUE
    CACHE 1;


ALTER SEQUENCE public.claims_claim_id_seq OWNER TO postgres;

--
-- Name: claims_claim_id_seq; Type: SEQUENCE OWNED BY; Schema: public; Owner: postgres
--

ALTER SEQUENCE public.claims_claim_id_seq OWNED BY public.claims.claim_id;


--
-- Name: food_listings; Type: TABLE; Schema: public; Owner: postgres
--

CREATE TABLE public.food_listings (
    food_id integer NOT NULL,
    food_name character varying(100),
    quantity integer,
    expiry_date date,
    provider_id integer,
    provider_type character varying(50),
    location character varying(50),
    food_type character varying(50),
    meal_type character varying(50)
);


ALTER TABLE public.food_listings OWNER TO postgres;

--
-- Name: food_listings_food_id_seq; Type: SEQUENCE; Schema: public; Owner: postgres
--

CREATE SEQUENCE public.food_listings_food_id_seq
    AS integer
    START WITH 1
    INCREMENT BY 1
    NO MINVALUE
    NO MAXVALUE
    CACHE 1;


ALTER SEQUENCE public.food_listings_food_id_seq OWNER TO postgres;

--
-- Name: food_listings_food_id_seq; Type: SEQUENCE OWNED BY; Schema: public; Owner: postgres
--

ALTER SEQUENCE public.food_listings_food_id_seq OWNED BY public.food_listings.food_id;


--
-- Name: providers; Type: TABLE; Schema: public; Owner: postgres
--

CREATE TABLE public.providers (
    provider_id integer NOT NULL,
    name character varying(100),
    type character varying(50),
    address text,
    city character varying(50),
    contact character varying(50)
);


ALTER TABLE public.providers OWNER TO postgres;

--
-- Name: providers_provider_id_seq; Type: SEQUENCE; Schema: public; Owner: postgres
--

CREATE SEQUENCE public.providers_provider_id_seq
    AS integer
    START WITH 1
    INCREMENT BY 1
    NO MINVALUE
    NO MAXVALUE
    CACHE 1;


ALTER SEQUENCE public.providers_provider_id_seq OWNER TO postgres;

--
-- Name: providers_provider_id_seq; Type: SEQUENCE OWNED BY; Schema: public; Owner: postgres
--

ALTER SEQUENCE public.providers_provider_id_seq OWNED BY public.providers.provider_id;


--
-- Name: receivers; Type: TABLE; Schema: public; Owner: postgres
--

CREATE TABLE public.receivers (
    receiver_id integer NOT NULL,
    name character varying(100),
    type character varying(50),
    city character varying(50),
    contact character varying(50)
);


ALTER TABLE public.receivers OWNER TO postgres;

--
-- Name: receivers_receiver_id_seq; Type: SEQUENCE; Schema: public; Owner: postgres
--

CREATE SEQUENCE public.receivers_receiver_id_seq
    AS integer
    START WITH 1
    INCREMENT BY 1
    NO MINVALUE
    NO MAXVALUE
    CACHE 1;


ALTER SEQUENCE public.receivers_receiver_id_seq OWNER TO postgres;

--
-- Name: receivers_receiver_id_seq; Type: SEQUENCE OWNED BY; Schema: public; Owner: postgres
--

ALTER SEQUENCE public.receivers_receiver_id_seq OWNED BY public.receivers.receiver_id;


--
-- Name: claims claim_id; Type: DEFAULT; Schema: public; Owner: postgres
--

ALTER TABLE ONLY public.claims ALTER COLUMN claim_id SET DEFAULT nextval('public.claims_claim_id_seq'::regclass);


--
-- Name: food_listings food_id; Type: DEFAULT; Schema: public; Owner: postgres
--

ALTER TABLE ONLY public.food_listings ALTER COLUMN food_id SET DEFAULT nextval('public.food_listings_food_id_seq'::regclass);


--
-- Name: providers provider_id; Type: DEFAULT; Schema: public; Owner: postgres
--

ALTER TABLE ONLY public.providers ALTER COLUMN provider_id SET DEFAULT nextval('public.providers_provider_id_seq'::regclass);


--
-- Name: receivers receiver_id; Type: DEFAULT; Schema: public; Owner: postgres
--

ALTER TABLE ONLY public.receivers ALTER COLUMN receiver_id SET DEFAULT nextval('public.receivers_receiver_id_seq'::regclass);


--
-- Data for Name: claims; Type: TABLE DATA; Schema: public; Owner: postgres
--

COPY public.claims (claim_id, food_id, receiver_id, status, "timestamp") FROM stdin;
1	164	908	Pending	2025-03-05 05:26:00
2	353	391	Cancelled	2025-03-11 10:24:00
3	626	492	Completed	\N
4	61	933	Cancelled	2025-03-04 09:08:00
5	345	229	Pending	\N
6	273	607	Cancelled	2025-03-02 02:50:00
7	735	256	Cancelled	2025-03-07 23:58:00
8	382	900	Pending	2025-03-05 07:07:00
9	278	807	Completed	\N
10	669	975	Completed	2025-03-06 19:57:00
11	290	118	Pending	2025-03-04 23:01:00
12	694	739	Completed	2025-03-01 21:55:00
13	951	959	Pending	2025-03-08 13:08:00
14	426	233	Cancelled	2025-03-08 16:08:00
15	684	97	Completed	2025-03-07 08:00:00
16	320	836	Cancelled	2025-03-07 06:17:00
17	465	588	Cancelled	\N
18	952	729	Completed	2025-03-09 02:04:00
19	798	399	Pending	\N
20	792	88	Completed	2025-03-07 12:15:00
21	281	493	Completed	2025-03-04 00:29:00
22	345	757	Pending	2025-03-09 03:11:00
23	674	526	Completed	2025-03-06 22:55:00
24	594	717	Pending	\N
25	371	10	Completed	2025-03-10 07:10:00
26	959	233	Cancelled	\N
27	58	487	Completed	\N
28	586	189	Pending	\N
29	812	769	Pending	\N
30	193	228	Pending	2025-03-07 04:05:00
31	937	546	Completed	2025-03-03 02:06:00
32	624	371	Cancelled	\N
33	905	386	Cancelled	\N
34	713	271	Pending	\N
35	190	93	Cancelled	2025-03-09 21:40:00
36	597	562	Pending	\N
37	832	920	Cancelled	\N
38	757	380	Cancelled	\N
39	58	923	Pending	2025-03-12 09:57:00
40	141	789	Pending	2025-03-10 04:14:00
41	415	336	Pending	\N
42	886	256	Pending	2025-03-07 12:22:00
43	611	306	Pending	\N
44	825	31	Pending	2025-03-09 13:02:00
45	457	569	Completed	\N
46	556	412	Cancelled	2025-03-12 02:30:00
47	746	48	Pending	2025-03-07 10:45:00
48	895	373	Pending	2025-03-09 23:13:00
49	190	678	Pending	\N
50	251	804	Pending	\N
51	543	255	Pending	2025-03-04 10:59:00
52	507	517	Cancelled	\N
53	37	449	Completed	2025-03-11 09:43:00
54	534	737	Cancelled	2025-03-06 01:44:00
55	438	601	Completed	2025-03-09 00:13:00
56	690	452	Completed	\N
57	225	295	Completed	2025-03-11 21:44:00
58	258	149	Completed	\N
59	797	371	Cancelled	2025-03-02 23:28:00
60	390	391	Pending	\N
61	990	550	Cancelled	2025-03-08 21:06:00
62	258	678	Pending	\N
63	119	279	Pending	2025-03-08 21:30:00
64	771	90	Completed	\N
65	424	532	Cancelled	\N
66	310	730	Cancelled	2025-03-11 19:22:00
67	486	817	Completed	\N
68	526	321	Pending	2025-03-02 04:49:00
69	321	45	Completed	2025-03-10 06:15:00
70	203	479	Completed	\N
71	538	897	Cancelled	2025-03-02 15:34:00
72	851	44	Completed	2025-03-04 10:49:00
73	708	222	Pending	2025-03-05 23:42:00
74	487	62	Cancelled	2025-03-02 13:20:00
75	909	161	Cancelled	2025-03-06 11:44:00
76	877	185	Completed	\N
77	65	324	Completed	2025-03-04 22:57:00
78	504	151	Completed	\N
79	188	795	Cancelled	2025-03-03 01:13:00
80	153	35	Pending	\N
81	964	876	Completed	2025-03-03 09:13:00
82	641	638	Pending	2025-03-09 13:21:00
83	805	695	Completed	\N
84	925	554	Pending	2025-03-09 02:10:00
85	197	624	Completed	2025-03-01 09:52:00
86	790	425	Cancelled	2025-03-02 09:25:00
87	829	918	Completed	\N
88	233	310	Completed	2025-03-03 02:47:00
89	912	632	Cancelled	2025-03-05 20:34:00
90	378	27	Completed	2025-03-04 16:53:00
91	251	373	Completed	\N
92	136	65	Pending	2025-03-07 11:12:00
93	600	129	Pending	\N
94	505	523	Cancelled	\N
95	673	352	Cancelled	2025-03-11 10:52:00
96	937	500	Completed	\N
97	381	802	Pending	2025-03-02 02:12:00
98	741	116	Cancelled	\N
99	101	995	Completed	2025-03-01 02:21:00
100	101	892	Pending	\N
101	16	654	Cancelled	2025-03-07 02:19:00
102	110	772	Completed	\N
103	463	423	Completed	2025-03-07 12:06:00
104	882	52	Completed	2025-03-05 00:36:00
105	89	619	Completed	\N
106	674	589	Cancelled	2025-03-06 03:27:00
107	374	467	Completed	\N
108	786	909	Pending	2025-03-08 09:17:00
109	696	923	Pending	\N
110	469	196	Pending	2025-03-01 00:09:00
111	214	723	Pending	\N
112	984	970	Pending	2025-03-04 22:00:00
113	913	855	Pending	2025-03-01 23:11:00
114	870	840	Completed	2025-03-06 10:36:00
115	663	957	Pending	2025-03-05 00:19:00
116	162	908	Pending	\N
117	864	384	Pending	2025-03-10 01:30:00
118	108	927	Cancelled	2025-03-07 04:56:00
119	56	75	Cancelled	\N
120	233	101	Pending	2025-03-10 23:33:00
121	460	560	Completed	\N
122	160	292	Cancelled	\N
123	715	529	Completed	\N
124	252	303	Cancelled	\N
125	765	329	Pending	\N
126	202	499	Completed	2025-03-11 16:19:00
127	463	865	Completed	2025-03-12 16:00:00
128	589	100	Cancelled	2025-03-10 19:29:00
129	318	555	Pending	2025-03-03 15:50:00
130	660	608	Cancelled	\N
131	640	184	Cancelled	2025-03-07 05:12:00
132	640	835	Cancelled	2025-03-06 02:44:00
133	109	866	Pending	2025-03-10 13:34:00
134	650	404	Pending	\N
135	256	12	Cancelled	2025-03-06 19:49:00
136	493	3	Pending	\N
137	46	548	Completed	2025-03-06 03:22:00
138	648	392	Cancelled	2025-03-02 19:39:00
139	668	831	Completed	2025-03-02 01:08:00
140	548	168	Completed	\N
141	149	985	Pending	2025-03-03 20:25:00
142	782	128	Cancelled	\N
143	9	936	Completed	2025-03-05 11:36:00
144	457	390	Cancelled	2025-03-12 14:06:00
145	114	695	Pending	\N
146	769	420	Completed	2025-03-08 01:42:00
147	795	462	Completed	2025-03-02 13:48:00
148	174	612	Completed	2025-03-10 04:52:00
149	909	763	Cancelled	\N
150	991	107	Cancelled	2025-03-03 13:37:00
151	359	419	Completed	2025-03-12 05:30:00
152	797	988	Pending	2025-03-06 03:51:00
153	582	58	Cancelled	2025-03-07 16:14:00
154	495	285	Pending	\N
155	413	272	Completed	\N
156	870	666	Completed	\N
157	557	600	Completed	\N
158	297	331	Cancelled	\N
159	496	420	Completed	2025-03-12 15:27:00
160	446	566	Completed	\N
161	579	901	Pending	\N
162	427	337	Completed	\N
163	67	302	Cancelled	2025-03-02 09:04:00
164	918	35	Pending	2025-03-04 03:24:00
165	616	254	Pending	2025-03-11 04:53:00
166	19	297	Completed	2025-03-03 23:05:00
167	873	63	Completed	\N
168	609	440	Completed	2025-03-01 16:18:00
169	188	353	Completed	2025-03-08 00:38:00
170	157	374	Pending	2025-03-05 19:34:00
171	290	134	Pending	2025-03-02 17:02:00
172	226	140	Cancelled	\N
173	504	390	Completed	\N
174	277	947	Cancelled	2025-03-03 18:22:00
175	813	745	Pending	2025-03-07 21:27:00
176	35	276	Cancelled	2025-03-12 01:34:00
177	425	96	Cancelled	2025-03-04 20:52:00
178	437	262	Cancelled	2025-03-05 05:55:00
179	787	339	Completed	2025-03-09 09:23:00
180	644	983	Pending	2025-03-05 01:27:00
181	465	996	Pending	\N
182	579	342	Pending	\N
183	879	382	Cancelled	\N
184	80	50	Cancelled	2025-03-02 04:01:00
185	486	585	Pending	\N
186	153	475	Pending	2025-03-11 21:04:00
187	381	344	Pending	2025-03-03 12:36:00
188	896	648	Pending	2025-03-11 22:19:00
189	152	45	Completed	\N
190	152	550	Pending	\N
191	206	448	Completed	2025-03-10 11:59:00
192	335	246	Completed	2025-03-02 10:05:00
193	670	601	Completed	2025-03-03 02:13:00
194	771	726	Cancelled	\N
195	40	294	Completed	\N
196	111	416	Completed	\N
197	418	324	Cancelled	2025-03-03 21:41:00
198	985	495	Completed	2025-03-04 01:17:00
199	913	439	Cancelled	2025-03-09 03:22:00
200	97	350	Completed	2025-03-08 21:48:00
201	671	94	Completed	\N
202	415	917	Cancelled	\N
203	179	949	Completed	\N
204	824	571	Pending	\N
205	915	531	Cancelled	\N
206	94	747	Completed	2025-03-06 16:41:00
207	937	398	Completed	\N
208	166	874	Pending	2025-03-09 07:30:00
209	893	594	Cancelled	2025-03-12 23:25:00
210	813	388	Pending	2025-03-11 22:06:00
211	406	787	Pending	2025-03-02 12:10:00
212	603	382	Completed	2025-03-08 00:30:00
213	227	631	Cancelled	2025-03-09 09:19:00
214	479	893	Pending	2025-03-07 08:09:00
215	33	762	Cancelled	2025-03-08 11:37:00
216	794	685	Pending	\N
217	998	590	Completed	2025-03-06 08:04:00
218	523	176	Pending	2025-03-06 20:46:00
219	488	255	Pending	2025-03-03 08:55:00
220	374	27	Cancelled	2025-03-02 23:05:00
221	837	745	Cancelled	2025-03-01 23:38:00
222	550	747	Pending	\N
223	486	407	Cancelled	2025-03-08 19:20:00
224	924	893	Cancelled	2025-03-01 16:48:00
225	217	850	Cancelled	\N
226	981	221	Completed	2025-03-10 14:59:00
227	925	480	Completed	2025-03-06 05:40:00
228	325	607	Pending	2025-03-10 10:07:00
229	69	407	Completed	\N
230	915	686	Pending	\N
231	208	281	Pending	\N
232	250	856	Cancelled	\N
233	922	858	Pending	\N
234	312	838	Pending	\N
235	135	529	Cancelled	2025-03-10 15:40:00
236	327	301	Completed	\N
237	507	112	Cancelled	2025-03-12 00:27:00
238	572	728	Cancelled	\N
239	589	4	Pending	2025-03-01 21:11:00
240	183	970	Completed	\N
241	558	103	Completed	2025-03-12 02:23:00
242	380	154	Cancelled	2025-03-06 13:16:00
243	69	98	Cancelled	\N
244	163	250	Cancelled	2025-03-11 02:32:00
245	725	701	Pending	\N
246	615	489	Completed	2025-03-10 05:50:00
247	861	138	Completed	2025-03-12 07:34:00
248	458	321	Pending	2025-03-09 03:12:00
249	810	541	Completed	\N
250	475	201	Cancelled	\N
251	832	926	Cancelled	2025-03-01 15:16:00
252	544	242	Completed	\N
253	323	863	Cancelled	2025-03-10 10:56:00
254	940	1	Completed	2025-03-04 03:59:00
255	256	438	Pending	\N
256	822	47	Completed	\N
257	191	555	Completed	2025-03-04 02:28:00
258	520	939	Cancelled	2025-03-03 06:16:00
259	467	517	Pending	2025-03-07 13:30:00
260	137	173	Pending	2025-03-05 15:11:00
261	602	735	Pending	\N
262	188	706	Completed	\N
263	22	800	Completed	\N
264	496	59	Cancelled	2025-03-03 13:21:00
265	92	103	Cancelled	\N
266	367	376	Completed	2025-03-02 07:07:00
267	518	382	Cancelled	2025-03-11 01:30:00
268	738	317	Pending	\N
269	73	880	Completed	\N
270	568	477	Completed	\N
271	160	442	Cancelled	2025-03-06 12:00:00
272	417	906	Cancelled	\N
273	870	172	Pending	\N
274	304	481	Pending	\N
275	906	849	Completed	2025-03-02 11:36:00
276	786	538	Completed	\N
277	766	109	Completed	2025-03-09 12:24:00
278	258	360	Pending	\N
279	531	808	Pending	\N
280	150	282	Cancelled	2025-03-01 12:21:00
281	483	718	Cancelled	2025-03-12 17:17:00
282	161	298	Cancelled	\N
283	97	102	Pending	2025-03-07 08:11:00
284	554	702	Pending	\N
285	387	213	Completed	\N
286	335	602	Pending	\N
287	952	42	Cancelled	\N
288	63	964	Completed	\N
289	573	86	Pending	\N
290	664	500	Cancelled	2025-03-08 12:13:00
291	886	375	Completed	2025-03-06 07:49:00
292	190	413	Completed	\N
293	721	837	Completed	2025-03-09 13:31:00
294	662	118	Pending	\N
295	25	493	Pending	\N
296	940	158	Cancelled	2025-03-07 18:01:00
297	494	454	Completed	\N
298	96	595	Cancelled	\N
299	911	319	Pending	2025-03-01 03:03:00
300	81	645	Pending	\N
301	489	287	Cancelled	2025-03-02 07:53:00
302	633	774	Pending	2025-03-03 18:50:00
303	358	66	Cancelled	2025-03-03 12:42:00
304	763	883	Pending	2025-03-12 00:49:00
305	464	759	Pending	\N
306	651	703	Pending	2025-03-05 00:09:00
307	610	34	Pending	\N
308	227	6	Completed	\N
309	6	514	Cancelled	\N
310	107	997	Cancelled	2025-03-08 21:25:00
311	294	187	Cancelled	2025-03-06 21:22:00
312	904	199	Completed	2025-03-08 12:44:00
313	143	880	Cancelled	2025-03-06 10:07:00
314	657	488	Cancelled	\N
315	254	854	Completed	2025-03-05 22:09:00
316	896	417	Completed	2025-03-10 22:44:00
317	747	660	Pending	2025-03-11 05:40:00
318	861	735	Completed	2025-03-04 20:11:00
319	888	345	Pending	2025-03-05 05:34:00
320	241	815	Completed	2025-03-12 01:29:00
321	116	267	Completed	2025-03-12 18:14:00
322	256	824	Cancelled	2025-03-05 05:22:00
323	670	104	Completed	\N
324	777	503	Completed	2025-03-03 22:57:00
325	49	586	Completed	2025-03-11 14:05:00
326	690	649	Pending	\N
327	853	983	Completed	\N
328	577	183	Completed	2025-03-06 15:44:00
329	419	323	Pending	\N
330	275	354	Completed	2025-03-01 06:24:00
331	585	262	Cancelled	\N
332	460	32	Completed	2025-03-03 02:40:00
333	332	368	Completed	\N
334	447	811	Cancelled	\N
335	453	643	Cancelled	2025-03-11 19:10:00
336	164	185	Cancelled	\N
337	405	756	Completed	2025-03-03 19:58:00
338	609	301	Pending	\N
339	52	497	Completed	2025-03-06 23:14:00
340	148	495	Completed	2025-03-10 23:31:00
341	386	473	Completed	2025-03-10 14:46:00
342	892	999	Cancelled	2025-03-11 06:57:00
343	553	62	Pending	\N
344	992	160	Cancelled	2025-03-10 21:51:00
345	223	440	Pending	\N
346	548	87	Pending	\N
347	564	283	Pending	2025-03-11 20:37:00
348	291	876	Cancelled	2025-03-07 05:24:00
349	262	245	Pending	2025-03-05 19:39:00
350	909	554	Completed	\N
351	528	936	Pending	2025-03-02 10:41:00
352	427	797	Completed	\N
353	730	258	Pending	2025-03-07 21:29:00
354	608	873	Pending	2025-03-09 15:33:00
355	398	880	Pending	2025-03-08 23:39:00
356	840	663	Cancelled	\N
357	536	704	Cancelled	2025-03-08 02:25:00
358	562	717	Completed	2025-03-09 12:56:00
359	107	531	Cancelled	\N
360	743	324	Cancelled	2025-03-08 00:38:00
361	882	809	Pending	2025-03-08 05:54:00
362	538	9	Cancelled	2025-03-02 09:04:00
363	687	131	Pending	\N
364	822	576	Completed	2025-03-10 21:47:00
365	207	152	Pending	2025-03-07 03:03:00
366	695	691	Pending	2025-03-02 18:29:00
367	262	688	Completed	2025-03-07 19:46:00
368	788	682	Pending	\N
369	84	105	Completed	2025-03-10 02:34:00
370	330	38	Cancelled	\N
371	677	658	Pending	\N
372	804	2	Cancelled	2025-03-03 09:19:00
373	866	420	Pending	\N
374	72	696	Pending	2025-03-10 14:14:00
375	342	908	Completed	\N
376	981	990	Pending	\N
377	901	190	Pending	2025-03-08 05:43:00
378	765	904	Completed	2025-03-08 13:50:00
379	271	249	Cancelled	\N
380	217	855	Pending	2025-03-11 18:33:00
381	926	96	Cancelled	2025-03-09 09:09:00
382	782	804	Cancelled	\N
383	920	673	Completed	2025-03-09 10:55:00
384	389	843	Completed	2025-03-05 23:56:00
385	594	494	Pending	2025-03-03 21:27:00
386	979	553	Cancelled	2025-03-04 09:36:00
387	94	547	Cancelled	\N
388	16	418	Completed	2025-03-05 01:43:00
389	151	965	Cancelled	2025-03-04 19:08:00
390	398	414	Completed	2025-03-10 18:36:00
391	807	950	Completed	2025-03-04 20:52:00
392	116	600	Completed	2025-03-08 21:48:00
393	390	684	Pending	\N
394	211	697	Pending	2025-03-05 16:12:00
395	681	785	Cancelled	\N
396	50	436	Completed	\N
397	45	435	Pending	2025-03-04 14:58:00
398	548	459	Pending	2025-03-06 17:22:00
399	947	241	Pending	2025-03-06 19:27:00
400	373	613	Completed	\N
401	174	595	Pending	2025-03-11 00:28:00
402	379	872	Pending	2025-03-08 00:59:00
403	141	693	Pending	2025-03-02 08:42:00
404	475	63	Cancelled	2025-03-12 23:03:00
405	548	858	Completed	\N
406	606	833	Pending	2025-03-05 08:16:00
407	722	935	Pending	2025-03-12 18:28:00
408	730	390	Pending	2025-03-08 08:56:00
409	995	159	Cancelled	2025-03-08 21:36:00
410	114	974	Cancelled	2025-03-01 15:29:00
411	525	406	Pending	\N
412	981	220	Cancelled	2025-03-03 11:44:00
413	88	791	Completed	2025-03-10 20:51:00
414	826	544	Cancelled	2025-03-08 19:31:00
415	485	144	Pending	2025-03-11 13:35:00
416	900	357	Cancelled	2025-03-12 07:04:00
417	716	972	Pending	\N
418	632	500	Cancelled	2025-03-01 16:52:00
419	221	869	Pending	2025-03-11 09:41:00
420	257	977	Cancelled	2025-03-11 04:00:00
421	572	173	Pending	2025-03-08 14:48:00
422	534	849	Completed	2025-03-12 10:29:00
423	915	344	Pending	\N
424	755	537	Cancelled	2025-03-02 13:00:00
425	797	237	Pending	2025-03-01 15:13:00
426	101	538	Completed	\N
427	412	811	Cancelled	\N
428	225	613	Completed	2025-03-07 15:13:00
429	528	299	Pending	\N
430	861	972	Pending	2025-03-03 01:58:00
431	115	679	Completed	\N
432	427	507	Pending	\N
433	245	6	Completed	\N
434	356	596	Completed	\N
435	129	531	Pending	\N
436	952	962	Completed	\N
437	230	628	Cancelled	\N
438	612	770	Pending	\N
439	480	432	Cancelled	2025-03-04 03:32:00
440	265	460	Cancelled	\N
441	968	483	Cancelled	2025-03-08 11:28:00
442	499	446	Cancelled	\N
443	879	124	Completed	2025-03-05 12:55:00
444	128	660	Cancelled	2025-03-11 03:57:00
445	602	485	Cancelled	\N
446	524	874	Cancelled	2025-03-10 21:31:00
447	801	616	Cancelled	\N
448	902	770	Cancelled	\N
449	865	493	Pending	\N
450	29	554	Cancelled	\N
451	683	216	Completed	\N
452	365	782	Cancelled	\N
453	531	468	Cancelled	2025-03-12 22:16:00
454	828	929	Completed	\N
455	984	665	Pending	2025-03-06 22:55:00
456	820	858	Pending	2025-03-02 16:44:00
457	79	508	Pending	2025-03-05 04:11:00
458	178	385	Completed	2025-03-10 03:13:00
459	329	74	Cancelled	\N
460	214	879	Completed	2025-03-05 20:10:00
461	492	322	Pending	2025-03-04 16:22:00
462	517	921	Completed	2025-03-05 21:04:00
463	615	269	Completed	\N
464	611	306	Completed	2025-03-01 03:32:00
465	632	266	Pending	\N
466	699	285	Pending	\N
467	216	353	Completed	\N
468	371	912	Completed	\N
469	404	565	Completed	\N
470	215	195	Cancelled	\N
471	11	337	Cancelled	\N
472	958	888	Pending	2025-03-04 21:52:00
473	593	258	Pending	\N
474	345	97	Cancelled	2025-03-02 06:57:00
475	260	901	Cancelled	\N
476	166	536	Pending	2025-03-03 13:34:00
477	65	301	Cancelled	2025-03-11 13:18:00
478	844	156	Cancelled	2025-03-02 20:18:00
479	216	923	Pending	\N
480	548	670	Pending	\N
481	144	423	Completed	2025-03-10 04:38:00
482	446	883	Completed	2025-03-10 17:30:00
483	674	223	Completed	\N
484	565	833	Cancelled	\N
485	321	505	Cancelled	2025-03-06 17:49:00
486	106	645	Cancelled	2025-03-04 11:54:00
487	654	968	Completed	2025-03-10 19:51:00
488	194	125	Pending	\N
489	969	99	Completed	2025-03-10 06:44:00
490	891	511	Pending	2025-03-09 11:20:00
491	1	574	Completed	2025-03-08 07:16:00
492	672	214	Pending	2025-03-10 09:41:00
493	74	294	Cancelled	\N
494	675	651	Cancelled	\N
495	665	878	Completed	\N
496	599	404	Pending	\N
497	606	269	Completed	2025-03-06 03:51:00
498	946	386	Pending	\N
499	921	77	Cancelled	2025-03-04 02:43:00
500	532	102	Completed	\N
501	202	671	Completed	2025-03-12 12:22:00
502	84	168	Completed	2025-03-05 01:43:00
503	717	917	Cancelled	\N
504	947	320	Completed	2025-03-07 03:28:00
505	919	762	Cancelled	2025-03-10 18:56:00
506	892	306	Completed	2025-03-10 05:39:00
507	217	370	Pending	\N
508	152	347	Pending	2025-03-01 04:09:00
509	134	600	Cancelled	\N
510	90	419	Pending	2025-03-12 09:35:00
511	199	446	Cancelled	2025-03-01 18:00:00
512	798	821	Cancelled	\N
513	73	283	Cancelled	2025-03-05 20:17:00
514	521	274	Cancelled	\N
515	930	45	Completed	\N
516	302	806	Completed	2025-03-08 09:58:00
517	806	872	Completed	\N
518	282	127	Pending	2025-03-07 20:37:00
519	406	960	Pending	2025-03-06 21:16:00
520	624	396	Completed	2025-03-03 09:53:00
521	295	327	Cancelled	\N
522	271	372	Pending	\N
523	744	676	Completed	\N
524	448	180	Completed	\N
525	22	438	Completed	\N
526	697	401	Pending	\N
527	340	572	Pending	\N
528	819	1	Completed	\N
529	515	399	Completed	2025-03-07 10:51:00
530	59	543	Completed	2025-03-07 03:12:00
531	592	894	Pending	2025-03-10 15:27:00
532	486	14	Cancelled	2025-03-08 02:33:00
533	275	410	Pending	\N
534	50	287	Cancelled	2025-03-10 15:47:00
535	663	329	Completed	\N
536	115	162	Cancelled	2025-03-12 14:24:00
537	39	259	Cancelled	\N
538	220	225	Cancelled	2025-03-05 04:18:00
539	64	119	Cancelled	2025-03-08 09:41:00
540	444	608	Cancelled	2025-03-10 04:11:00
541	261	705	Completed	2025-03-11 12:29:00
542	560	442	Completed	\N
543	657	748	Completed	2025-03-12 16:38:00
544	187	568	Cancelled	\N
545	463	292	Completed	2025-03-09 06:07:00
546	962	571	Completed	2025-03-07 17:55:00
547	509	886	Cancelled	2025-03-06 13:30:00
548	520	821	Completed	\N
549	954	703	Cancelled	2025-03-10 20:52:00
550	115	882	Pending	\N
551	837	742	Cancelled	\N
552	463	949	Pending	2025-03-03 08:58:00
553	215	503	Pending	2025-03-04 15:39:00
554	52	126	Completed	2025-03-04 07:19:00
555	253	946	Pending	2025-03-01 07:51:00
556	479	460	Completed	2025-03-07 18:19:00
557	324	31	Cancelled	2025-03-06 07:22:00
558	435	33	Completed	2025-03-07 07:04:00
559	714	935	Cancelled	2025-03-09 01:55:00
560	731	215	Cancelled	2025-03-11 06:42:00
561	269	859	Completed	2025-03-07 17:52:00
562	326	629	Pending	2025-03-01 09:12:00
563	622	371	Cancelled	2025-03-02 21:06:00
564	947	203	Cancelled	2025-03-06 13:30:00
565	801	473	Completed	2025-03-12 04:40:00
566	320	68	Cancelled	\N
567	924	974	Cancelled	2025-03-10 23:22:00
568	852	400	Completed	2025-03-04 02:45:00
569	59	401	Pending	2025-03-02 15:48:00
570	849	835	Completed	2025-03-09 03:28:00
571	408	789	Completed	2025-03-03 06:09:00
572	622	542	Completed	\N
573	229	505	Completed	2025-03-12 15:46:00
574	438	342	Completed	2025-03-04 02:02:00
575	636	413	Cancelled	2025-03-01 23:06:00
576	58	341	Completed	\N
577	486	412	Cancelled	\N
578	674	368	Pending	\N
579	559	342	Completed	\N
580	508	704	Pending	2025-03-01 04:45:00
581	734	706	Cancelled	2025-03-09 10:35:00
582	284	990	Completed	2025-03-03 06:53:00
583	925	144	Pending	2025-03-03 01:06:00
584	705	968	Cancelled	2025-03-01 12:04:00
585	373	926	Completed	\N
586	970	281	Completed	\N
587	560	637	Pending	2025-03-10 01:27:00
588	92	640	Cancelled	2025-03-12 05:36:00
589	619	90	Cancelled	\N
590	505	4	Cancelled	\N
591	723	782	Completed	\N
592	319	832	Completed	2025-03-03 23:50:00
593	882	743	Cancelled	2025-03-05 23:53:00
594	555	14	Pending	\N
595	172	861	Cancelled	2025-03-07 15:18:00
596	844	949	Cancelled	\N
597	599	183	Pending	\N
598	403	905	Completed	2025-03-04 04:55:00
599	307	86	Pending	\N
600	910	492	Cancelled	\N
601	964	458	Completed	\N
602	165	997	Cancelled	\N
603	920	766	Pending	2025-03-11 07:49:00
604	522	737	Completed	2025-03-11 21:27:00
605	727	786	Completed	2025-03-07 16:35:00
606	912	192	Cancelled	\N
607	72	397	Cancelled	2025-03-12 00:38:00
608	570	484	Cancelled	2025-03-08 05:26:00
609	200	227	Completed	2025-03-10 03:34:00
610	151	619	Cancelled	\N
611	433	567	Pending	2025-03-08 05:41:00
612	92	192	Completed	\N
613	764	482	Completed	2025-03-01 06:01:00
614	707	90	Pending	\N
615	821	367	Completed	2025-03-05 20:37:00
616	967	162	Pending	2025-03-12 16:05:00
617	933	68	Cancelled	2025-03-05 14:23:00
618	395	134	Pending	2025-03-02 03:19:00
619	743	725	Cancelled	\N
620	207	618	Cancelled	\N
621	175	742	Pending	\N
622	949	963	Cancelled	2025-03-12 19:13:00
623	400	737	Cancelled	\N
624	502	524	Cancelled	2025-03-05 16:11:00
625	416	69	Cancelled	\N
626	823	576	Pending	\N
627	686	814	Cancelled	\N
628	906	354	Pending	\N
629	326	437	Pending	\N
630	606	905	Completed	2025-03-02 15:26:00
631	862	28	Pending	\N
632	393	9	Completed	\N
633	385	440	Completed	2025-03-12 13:15:00
634	435	767	Pending	2025-03-08 17:54:00
635	748	113	Pending	2025-03-07 01:36:00
636	554	144	Cancelled	\N
637	476	216	Pending	\N
638	949	687	Completed	\N
639	233	832	Cancelled	2025-03-06 13:32:00
640	239	944	Cancelled	\N
641	251	410	Cancelled	2025-03-02 00:21:00
642	113	255	Pending	\N
643	806	993	Pending	2025-03-10 18:38:00
644	837	800	Cancelled	2025-03-11 04:33:00
645	739	220	Pending	\N
646	120	713	Cancelled	\N
647	35	654	Pending	\N
648	55	1000	Completed	2025-03-08 11:56:00
649	210	43	Completed	2025-03-07 17:26:00
650	421	505	Completed	2025-03-12 14:21:00
651	156	113	Cancelled	\N
652	932	223	Pending	2025-03-05 12:54:00
653	78	765	Pending	2025-03-02 10:50:00
654	291	158	Pending	\N
655	215	28	Completed	2025-03-11 12:30:00
656	875	799	Pending	\N
657	945	220	Completed	2025-03-08 12:26:00
658	232	10	Pending	2025-03-01 21:49:00
659	98	864	Cancelled	\N
660	912	204	Cancelled	2025-03-08 10:54:00
661	520	560	Pending	2025-03-09 02:37:00
662	600	902	Completed	\N
663	180	884	Cancelled	\N
664	866	410	Cancelled	\N
665	49	314	Pending	2025-03-08 19:49:00
666	749	130	Pending	\N
667	165	681	Cancelled	2025-03-02 23:27:00
668	86	205	Cancelled	2025-03-10 09:10:00
669	224	570	Pending	2025-03-06 03:52:00
670	349	118	Cancelled	2025-03-10 18:32:00
671	297	610	Completed	2025-03-01 01:43:00
672	903	508	Completed	\N
673	474	545	Cancelled	2025-03-10 04:05:00
674	861	276	Cancelled	2025-03-10 00:14:00
675	897	53	Cancelled	\N
676	625	589	Pending	\N
677	287	663	Pending	\N
678	56	139	Pending	2025-03-10 00:33:00
679	302	305	Pending	\N
680	154	785	Completed	\N
681	334	213	Cancelled	2025-03-11 09:29:00
682	629	937	Pending	\N
683	195	805	Pending	\N
684	299	550	Pending	\N
685	622	235	Cancelled	2025-03-01 08:58:00
686	540	900	Pending	2025-03-07 09:12:00
687	921	536	Completed	2025-03-07 20:46:00
688	854	525	Completed	\N
689	246	131	Cancelled	\N
690	85	781	Completed	2025-03-09 18:58:00
691	498	442	Cancelled	2025-03-02 02:18:00
692	500	717	Pending	\N
693	479	647	Cancelled	\N
694	529	454	Completed	2025-03-01 06:03:00
695	462	415	Cancelled	2025-03-10 21:12:00
696	634	561	Cancelled	2025-03-12 17:08:00
697	30	132	Completed	2025-03-04 17:46:00
698	633	185	Cancelled	2025-03-03 00:51:00
699	138	233	Cancelled	2025-03-04 15:15:00
700	110	901	Completed	2025-03-08 19:12:00
701	833	15	Completed	\N
702	83	150	Cancelled	2025-03-11 23:02:00
703	836	742	Cancelled	\N
704	271	394	Pending	2025-03-08 01:33:00
705	298	174	Cancelled	2025-03-09 07:36:00
706	636	800	Pending	2025-03-09 23:19:00
707	791	877	Pending	2025-03-07 10:15:00
708	999	293	Pending	\N
709	673	754	Cancelled	\N
710	599	27	Pending	\N
711	703	674	Completed	\N
712	179	505	Completed	2025-03-01 01:24:00
713	973	494	Completed	2025-03-07 06:15:00
714	951	423	Pending	\N
715	36	668	Pending	\N
716	696	68	Cancelled	2025-03-03 02:38:00
717	991	149	Pending	2025-03-12 17:53:00
718	626	650	Completed	\N
719	695	192	Cancelled	2025-03-12 00:06:00
720	502	348	Cancelled	\N
721	217	844	Completed	\N
722	898	888	Completed	\N
723	228	59	Pending	2025-03-12 04:00:00
724	396	747	Completed	2025-03-12 02:12:00
725	784	218	Pending	\N
726	23	446	Cancelled	2025-03-06 00:25:00
727	47	548	Cancelled	\N
728	882	810	Completed	\N
729	308	239	Pending	\N
730	715	48	Cancelled	2025-03-03 13:52:00
731	403	218	Completed	\N
732	935	126	Pending	2025-03-07 09:52:00
733	932	843	Completed	\N
734	224	172	Cancelled	\N
735	720	608	Completed	\N
736	84	544	Completed	\N
737	636	794	Pending	\N
738	819	482	Completed	2025-03-12 23:39:00
739	230	171	Completed	2025-03-02 17:31:00
740	199	50	Completed	\N
741	886	842	Cancelled	\N
742	132	358	Pending	\N
743	574	996	Cancelled	2025-03-08 15:17:00
744	379	26	Pending	\N
745	807	317	Pending	\N
746	385	587	Pending	\N
747	234	437	Pending	2025-03-03 21:37:00
748	494	395	Cancelled	2025-03-02 21:16:00
749	689	300	Cancelled	\N
750	931	742	Completed	\N
751	398	710	Pending	\N
752	463	777	Cancelled	\N
753	958	455	Cancelled	2025-03-07 15:56:00
754	997	571	Completed	\N
755	34	709	Completed	\N
756	696	418	Completed	\N
757	352	7	Completed	\N
758	877	472	Cancelled	\N
759	174	219	Cancelled	\N
760	828	212	Completed	\N
761	205	351	Completed	2025-03-12 20:51:00
762	505	275	Cancelled	\N
763	331	52	Cancelled	\N
764	28	788	Completed	\N
765	168	695	Pending	\N
766	945	781	Completed	2025-03-10 09:20:00
767	798	355	Completed	2025-03-09 18:34:00
768	939	213	Pending	\N
769	971	107	Cancelled	2025-03-04 01:25:00
770	917	328	Completed	2025-03-11 08:12:00
771	297	181	Cancelled	\N
772	926	112	Completed	2025-03-04 15:24:00
773	35	205	Pending	2025-03-12 10:01:00
774	35	479	Cancelled	\N
775	961	806	Completed	2025-03-05 23:56:00
776	23	559	Cancelled	2025-03-02 00:29:00
777	886	297	Cancelled	\N
778	241	715	Pending	2025-03-11 00:31:00
779	508	56	Cancelled	\N
780	16	194	Pending	2025-03-08 13:58:00
781	676	701	Pending	2025-03-04 14:26:00
782	476	181	Completed	2025-03-04 19:49:00
783	485	429	Cancelled	\N
784	655	381	Pending	\N
785	981	887	Pending	\N
786	104	977	Pending	2025-03-09 13:13:00
787	988	590	Completed	\N
788	253	379	Completed	\N
789	684	202	Cancelled	2025-03-01 21:34:00
790	30	680	Completed	2025-03-05 13:01:00
791	240	144	Cancelled	2025-03-10 03:33:00
792	775	259	Completed	2025-03-12 17:39:00
793	444	783	Completed	2025-03-02 21:12:00
794	928	318	Cancelled	\N
795	902	293	Completed	2025-03-05 21:45:00
796	685	410	Cancelled	\N
797	950	275	Pending	2025-03-12 22:59:00
798	609	735	Pending	2025-03-09 10:08:00
799	487	786	Completed	2025-03-06 19:57:00
800	224	227	Cancelled	2025-03-11 23:55:00
801	131	72	Completed	2025-03-04 15:42:00
802	100	729	Completed	\N
803	701	240	Pending	2025-03-09 14:33:00
804	614	655	Cancelled	\N
805	181	348	Cancelled	\N
806	529	650	Pending	2025-03-02 07:54:00
807	767	742	Completed	2025-03-08 17:05:00
808	243	528	Pending	2025-03-01 20:29:00
809	929	603	Pending	2025-03-10 03:05:00
810	528	281	Cancelled	\N
811	399	57	Cancelled	2025-03-10 06:39:00
812	820	473	Pending	2025-03-07 00:40:00
813	934	982	Completed	2025-03-02 22:20:00
814	95	438	Completed	\N
815	243	795	Completed	\N
816	627	899	Pending	2025-03-07 18:11:00
817	969	800	Pending	2025-03-03 16:20:00
818	797	570	Completed	2025-03-10 20:54:00
819	18	617	Pending	2025-03-06 01:36:00
820	943	869	Completed	2025-03-07 18:34:00
821	590	300	Cancelled	2025-03-11 03:27:00
822	126	122	Pending	2025-03-04 06:00:00
823	96	800	Cancelled	2025-03-07 21:50:00
824	151	508	Cancelled	\N
825	31	590	Pending	2025-03-12 07:28:00
826	762	965	Cancelled	2025-03-09 09:16:00
827	964	59	Cancelled	\N
828	598	723	Pending	2025-03-04 04:15:00
829	443	891	Pending	\N
830	353	706	Cancelled	\N
831	401	389	Completed	2025-03-09 11:43:00
832	133	128	Completed	\N
833	214	673	Cancelled	2025-03-11 15:57:00
834	335	439	Pending	2025-03-09 00:14:00
835	203	533	Pending	2025-03-07 05:03:00
836	733	532	Pending	\N
837	25	228	Cancelled	2025-03-12 14:13:00
838	728	870	Completed	2025-03-11 03:05:00
839	945	72	Cancelled	\N
840	811	245	Pending	\N
841	682	195	Completed	2025-03-03 00:22:00
842	812	341	Cancelled	\N
843	512	102	Cancelled	2025-03-10 01:37:00
844	778	362	Cancelled	\N
845	70	42	Pending	2025-03-09 11:24:00
846	125	549	Cancelled	\N
847	682	778	Cancelled	2025-03-07 07:36:00
848	374	419	Pending	\N
849	647	468	Pending	\N
850	652	381	Pending	2025-03-07 15:57:00
851	71	164	Completed	2025-03-08 16:08:00
852	66	700	Cancelled	\N
853	299	378	Pending	\N
854	173	647	Completed	2025-03-08 15:30:00
855	410	595	Cancelled	2025-03-01 22:24:00
856	294	838	Completed	\N
857	418	771	Completed	2025-03-12 22:10:00
858	465	145	Completed	2025-03-05 07:07:00
859	3	887	Cancelled	\N
860	9	345	Cancelled	2025-03-05 09:20:00
861	510	377	Cancelled	\N
862	839	361	Cancelled	\N
863	30	16	Pending	2025-03-09 22:36:00
864	962	622	Cancelled	2025-03-09 00:55:00
865	163	694	Pending	2025-03-07 15:49:00
866	461	615	Completed	2025-03-01 02:31:00
867	692	794	Completed	2025-03-10 07:01:00
868	460	361	Pending	2025-03-09 02:48:00
869	935	348	Cancelled	2025-03-11 23:05:00
870	972	228	Completed	\N
871	786	620	Cancelled	2025-03-08 17:20:00
872	832	302	Completed	\N
873	558	173	Pending	\N
874	822	226	Pending	2025-03-10 05:50:00
875	338	848	Completed	\N
876	696	994	Cancelled	2025-03-10 14:13:00
877	707	637	Completed	2025-03-03 23:14:00
878	544	889	Cancelled	\N
879	7	825	Pending	2025-03-01 01:49:00
880	751	811	Cancelled	2025-03-10 20:50:00
881	17	647	Pending	2025-03-12 19:27:00
882	565	850	Completed	2025-03-12 20:44:00
883	167	266	Pending	2025-03-11 12:45:00
884	364	493	Cancelled	\N
885	515	400	Pending	\N
886	756	973	Cancelled	2025-03-07 02:15:00
887	743	507	Pending	\N
888	916	738	Completed	2025-03-05 01:28:00
889	632	917	Cancelled	2025-03-08 22:20:00
890	128	276	Cancelled	\N
891	973	510	Cancelled	\N
892	456	933	Pending	2025-03-04 14:51:00
893	180	276	Completed	\N
894	730	903	Cancelled	2025-03-02 11:28:00
895	977	425	Pending	2025-03-12 03:28:00
896	315	768	Completed	\N
897	929	730	Completed	\N
898	851	572	Completed	\N
899	13	28	Pending	\N
900	545	532	Completed	2025-03-03 21:06:00
901	474	195	Pending	2025-03-12 09:04:00
902	210	852	Completed	2025-03-02 17:35:00
903	413	426	Cancelled	\N
904	168	561	Completed	2025-03-08 21:53:00
905	380	361	Pending	2025-03-05 13:31:00
906	938	916	Pending	\N
907	800	934	Completed	2025-03-04 03:13:00
908	762	558	Completed	2025-03-05 13:06:00
909	893	299	Completed	\N
910	410	424	Completed	2025-03-05 14:21:00
911	355	128	Pending	2025-03-08 08:57:00
912	683	189	Completed	\N
913	705	957	Pending	\N
914	950	239	Completed	\N
915	441	65	Pending	2025-03-01 17:46:00
916	571	472	Pending	\N
917	109	935	Completed	2025-03-03 10:41:00
918	92	42	Completed	2025-03-11 09:59:00
919	623	841	Cancelled	2025-03-11 18:11:00
920	279	323	Cancelled	\N
921	826	507	Completed	2025-03-05 01:43:00
922	206	768	Pending	\N
923	293	276	Cancelled	2025-03-02 22:49:00
924	580	154	Pending	\N
925	237	985	Pending	2025-03-08 05:15:00
926	43	72	Cancelled	2025-03-06 12:37:00
927	317	407	Completed	\N
928	41	945	Pending	\N
929	778	938	Pending	2025-03-03 00:57:00
930	407	371	Pending	2025-03-03 10:47:00
931	616	637	Completed	2025-03-04 01:42:00
932	419	354	Completed	2025-03-12 16:39:00
933	574	301	Cancelled	2025-03-02 06:24:00
934	639	555	Cancelled	2025-03-08 17:07:00
935	520	788	Cancelled	\N
936	96	170	Cancelled	2025-03-08 01:17:00
937	744	799	Cancelled	2025-03-02 10:22:00
938	977	897	Cancelled	2025-03-11 07:58:00
939	37	512	Pending	2025-03-08 15:55:00
940	911	959	Completed	2025-03-05 23:59:00
941	223	318	Cancelled	2025-03-04 18:16:00
942	189	850	Completed	2025-03-01 15:26:00
943	89	934	Pending	2025-03-02 00:43:00
944	680	817	Pending	2025-03-08 00:52:00
945	989	901	Cancelled	\N
946	839	324	Cancelled	\N
947	304	840	Cancelled	2025-03-03 20:13:00
948	156	482	Completed	\N
949	241	240	Completed	2025-03-03 08:53:00
950	481	298	Pending	2025-03-01 03:50:00
951	236	585	Completed	\N
952	459	183	Completed	\N
953	744	686	Cancelled	2025-03-05 20:10:00
954	732	267	Cancelled	2025-03-10 10:04:00
955	492	414	Completed	\N
956	904	745	Completed	\N
957	230	625	Completed	\N
958	601	96	Cancelled	2025-03-12 16:11:00
959	384	31	Pending	\N
960	292	830	Completed	\N
961	955	181	Completed	\N
962	391	308	Completed	2025-03-09 00:59:00
963	397	93	Cancelled	2025-03-07 06:39:00
964	563	451	Pending	\N
965	285	377	Pending	2025-03-04 01:35:00
966	558	509	Cancelled	\N
967	890	168	Pending	2025-03-12 16:42:00
968	637	37	Cancelled	\N
969	836	408	Cancelled	\N
970	997	497	Cancelled	2025-03-05 02:55:00
971	596	330	Completed	2025-03-10 12:51:00
972	623	87	Pending	2025-03-06 04:36:00
973	284	559	Pending	2025-03-08 20:43:00
974	643	371	Cancelled	2025-03-03 19:08:00
975	226	132	Cancelled	2025-03-01 05:18:00
976	551	409	Completed	2025-03-07 12:50:00
977	853	193	Pending	2025-03-05 20:11:00
978	818	799	Cancelled	2025-03-11 06:11:00
979	855	553	Completed	2025-03-07 08:39:00
980	925	652	Pending	\N
981	615	839	Cancelled	2025-03-10 15:58:00
982	670	871	Cancelled	\N
983	300	755	Pending	\N
984	1	368	Completed	\N
985	380	113	Completed	\N
986	915	875	Completed	2025-03-05 13:19:00
987	579	769	Cancelled	2025-03-04 13:27:00
988	272	191	Pending	2025-03-04 07:18:00
989	799	272	Pending	2025-03-08 13:03:00
990	791	943	Cancelled	\N
991	175	984	Pending	\N
992	251	394	Completed	\N
993	635	341	Cancelled	\N
994	107	93	Cancelled	2025-03-03 22:13:00
995	190	105	Completed	2025-03-10 00:46:00
996	855	211	Completed	\N
997	980	746	Cancelled	\N
998	832	967	Cancelled	\N
999	917	90	Completed	2025-03-01 15:31:00
1000	596	950	Cancelled	\N
\.


--
-- Data for Name: food_listings; Type: TABLE DATA; Schema: public; Owner: postgres
--

COPY public.food_listings (food_id, food_name, quantity, expiry_date, provider_id, provider_type, location, food_type, meal_type) FROM stdin;
1	Bread	43	2025-03-17	110	Grocery Store	South Kellyville	Non-Vegetarian	Breakfast
2	Soup	22	2025-03-24	791	Grocery Store	West James	Non-Vegetarian	Dinner
3	Fruits	46	2025-03-28	478	Catering Service	Lake Regina	Vegan	Breakfast
4	Fruits	15	2025-03-16	930	Restaurant	Kellytown	Vegan	Lunch
5	Soup	14	2025-03-19	279	Restaurant	Garciaport	Vegan	Dinner
6	Vegetables	4	2025-03-24	378	Supermarket	South Johnshire	Vegan	Snacks
7	Dairy	29	2025-03-25	268	Grocery Store	Nolanmouth	Vegan	Dinner
8	Rice	49	2025-03-28	343	Catering Service	South Christopherborough	Vegetarian	Lunch
9	Bread	46	2025-03-25	47	Supermarket	East Andrewland	Non-Vegetarian	Snacks
10	Rice	41	2025-03-20	528	Supermarket	Markport	Vegan	Dinner
11	Pasta	39	2025-03-17	96	Grocery Store	Deborahland	Vegan	Breakfast
12	Pasta	15	2025-03-28	899	Catering Service	North Steven	Vegetarian	Lunch
13	Fruits	33	2025-03-22	115	Grocery Store	Floresville	Vegetarian	Snacks
14	Bread	19	2025-03-30	621	Supermarket	Sarahland	Vegetarian	Dinner
15	Salad	3	2025-03-22	74	Catering Service	Belindaville	Vegetarian	Breakfast
16	Dairy	6	2025-03-26	862	Grocery Store	East Tammy	Vegan	Snacks
17	Chicken	42	2025-03-22	417	Restaurant	East Ashleyshire	Non-Vegetarian	Snacks
18	Soup	28	2025-03-27	455	Catering Service	Madisonfort	Vegan	Snacks
19	Rice	13	2025-03-30	419	Supermarket	Port Peter	Vegan	Breakfast
20	Pasta	41	2025-03-17	306	Catering Service	North Keith	Non-Vegetarian	Snacks
21	Rice	38	2025-03-26	277	Catering Service	West Aliciabury	Vegan	Dinner
22	Chicken	46	2025-03-21	892	Grocery Store	Russellfurt	Vegan	Snacks
23	Salad	43	2025-03-26	1	Supermarket	New Jessica	Vegan	Dinner
24	Bread	20	2025-03-30	897	Catering Service	Villastad	Non-Vegetarian	Lunch
25	Rice	48	2025-03-22	898	Restaurant	Medinatown	Vegan	Breakfast
26	Vegetables	34	2025-03-27	95	Supermarket	Christinaland	Vegan	Dinner
27	Salad	12	2025-03-23	262	Supermarket	New Carol	Vegan	Breakfast
28	Chicken	5	2025-03-22	606	Grocery Store	North Nathan	Vegan	Dinner
29	Bread	18	2025-03-19	196	Restaurant	Bartonborough	Vegan	Lunch
30	Soup	4	2025-03-16	616	Restaurant	Clarkberg	Vegetarian	Dinner
31	Bread	42	2025-03-22	535	Grocery Store	Valdezborough	Non-Vegetarian	Snacks
32	Rice	27	2025-03-21	611	Supermarket	Port Kendraborough	Non-Vegetarian	Lunch
33	Salad	9	2025-03-27	798	Grocery Store	North Amanda	Vegetarian	Breakfast
34	Bread	3	2025-03-30	396	Catering Service	Heatherside	Vegan	Breakfast
35	Rice	6	2025-03-23	108	Supermarket	East Austin	Vegan	Breakfast
36	Rice	35	2025-03-20	1	Supermarket	New Jessica	Vegan	Breakfast
37	Fish	19	2025-03-20	389	Grocery Store	Davidborough	Non-Vegetarian	Dinner
38	Bread	48	2025-03-22	440	Grocery Store	Elliottberg	Vegetarian	Snacks
39	Bread	48	2025-03-22	758	Catering Service	Port Patrick	Non-Vegetarian	Breakfast
40	Fruits	12	2025-03-27	965	Restaurant	Port Bryce	Vegetarian	Breakfast
41	Chicken	14	2025-03-27	450	Catering Service	Grahamside	Vegetarian	Dinner
42	Rice	50	2025-03-16	179	Supermarket	North Michelle	Vegan	Lunch
43	Pasta	44	2025-03-22	29	Grocery Store	Patrickmouth	Vegan	Lunch
44	Bread	39	2025-03-22	290	Supermarket	Bradleyport	Vegan	Snacks
45	Fish	17	2025-03-24	874	Catering Service	Priceland	Non-Vegetarian	Lunch
46	Pasta	25	2025-03-28	576	Catering Service	East Emilyburgh	Vegetarian	Breakfast
47	Salad	3	2025-03-17	420	Catering Service	Anthonyton	Vegan	Snacks
48	Rice	30	2025-03-16	150	Grocery Store	North Jamesberg	Vegan	Breakfast
49	Fish	41	2025-03-17	700	Supermarket	Morriston	Non-Vegetarian	Dinner
50	Salad	28	2025-03-23	514	Supermarket	Maxwellburgh	Vegetarian	Dinner
51	Dairy	14	2025-03-27	828	Catering Service	Torresshire	Vegetarian	Snacks
52	Vegetables	23	2025-03-29	460	Grocery Store	Lake Justin	Non-Vegetarian	Snacks
53	Fruits	13	2025-03-16	174	Grocery Store	North Carolfurt	Vegetarian	Lunch
54	Soup	15	2025-03-17	368	Grocery Store	North Lindseychester	Non-Vegetarian	Snacks
55	Vegetables	19	2025-03-17	967	Grocery Store	Coleburgh	Vegetarian	Breakfast
56	Vegetables	9	2025-03-23	125	Supermarket	Lake April	Non-Vegetarian	Lunch
57	Chicken	23	2025-03-17	977	Restaurant	South Jessicachester	Vegan	Dinner
58	Pasta	39	2025-03-28	270	Catering Service	Cunninghambury	Vegan	Lunch
59	Vegetables	38	2025-03-22	251	Restaurant	East Terrancemouth	Vegan	Snacks
60	Pasta	49	2025-03-28	153	Restaurant	Hawkinsmouth	Non-Vegetarian	Breakfast
61	Fruits	33	2025-03-22	243	Catering Service	West Catherine	Vegetarian	Lunch
62	Rice	21	2025-03-21	520	Catering Service	Port Andre	Non-Vegetarian	Breakfast
63	Salad	6	2025-03-20	335	Grocery Store	North Gary	Vegetarian	Dinner
64	Soup	41	2025-03-26	678	Grocery Store	Lake Travis	Non-Vegetarian	Dinner
65	Fruits	45	2025-03-26	602	Grocery Store	North Destiny	Non-Vegetarian	Breakfast
66	Fish	6	2025-03-22	577	Catering Service	Lake Donna	Non-Vegetarian	Breakfast
67	Rice	50	2025-03-24	455	Catering Service	Madisonfort	Vegan	Breakfast
68	Rice	15	2025-03-25	113	Catering Service	East Elizabethberg	Vegetarian	Snacks
69	Bread	47	2025-03-16	504	Catering Service	Gaineschester	Vegetarian	Snacks
70	Rice	7	2025-03-16	313	Supermarket	Boylechester	Vegetarian	Lunch
71	Fish	45	2025-03-19	750	Supermarket	Michaelton	Vegetarian	Lunch
72	Dairy	11	2025-03-24	293	Catering Service	Joneshaven	Vegan	Dinner
73	Soup	48	2025-03-19	485	Restaurant	East Andrea	Vegan	Breakfast
74	Chicken	12	2025-03-29	387	Grocery Store	West Juliabury	Non-Vegetarian	Breakfast
75	Bread	35	2025-03-24	389	Grocery Store	Davidborough	Vegetarian	Dinner
76	Pasta	40	2025-03-16	905	Restaurant	North Kennethshire	Vegan	Lunch
77	Rice	4	2025-03-19	890	Restaurant	Pereztown	Vegetarian	Lunch
78	Chicken	1	2025-03-23	913	Grocery Store	Erikatown	Non-Vegetarian	Dinner
79	Rice	25	2025-03-19	100	Catering Service	Mooreview	Vegan	Breakfast
80	Dairy	36	2025-03-29	434	Restaurant	Nicoletown	Vegetarian	Breakfast
81	Fruits	33	2025-03-18	848	Supermarket	Fowlerbury	Vegetarian	Snacks
82	Vegetables	26	2025-03-23	631	Supermarket	North Kevinhaven	Non-Vegetarian	Snacks
83	Rice	44	2025-03-28	312	Restaurant	North Ianbury	Vegetarian	Dinner
84	Rice	25	2025-03-23	967	Grocery Store	Coleburgh	Vegan	Snacks
85	Pasta	28	2025-03-16	554	Restaurant	Brandyberg	Vegan	Lunch
86	Soup	13	2025-03-30	288	Supermarket	Maynardstad	Vegetarian	Dinner
87	Salad	37	2025-03-28	34	Grocery Store	North Garybury	Vegan	Breakfast
88	Vegetables	22	2025-03-21	491	Supermarket	Samanthabury	Non-Vegetarian	Dinner
89	Chicken	3	2025-03-27	844	Grocery Store	Olsenstad	Vegan	Lunch
90	Bread	29	2025-03-23	477	Supermarket	East Jacobchester	Vegan	Breakfast
91	Vegetables	9	2025-03-22	275	Supermarket	Brittanyport	Vegetarian	Breakfast
92	Chicken	42	2025-03-20	752	Grocery Store	East Heatherport	Vegetarian	Breakfast
93	Salad	49	2025-03-20	264	Catering Service	New Richard	Vegetarian	Lunch
94	Rice	35	2025-03-16	722	Restaurant	Linchester	Vegetarian	Lunch
95	Pasta	19	2025-03-24	120	Restaurant	New Lisa	Vegan	Snacks
96	Dairy	5	2025-03-25	656	Restaurant	South Tiffanyfort	Non-Vegetarian	Breakfast
97	Rice	44	2025-03-21	346	Grocery Store	Thomasville	Vegetarian	Dinner
98	Salad	26	2025-03-29	632	Supermarket	Davidville	Vegetarian	Breakfast
99	Bread	8	2025-03-28	162	Restaurant	Penabury	Non-Vegetarian	Dinner
100	Vegetables	22	2025-03-18	647	Restaurant	West Kara	Vegan	Breakfast
101	Dairy	35	2025-03-23	538	Restaurant	Jasonmouth	Non-Vegetarian	Dinner
102	Rice	35	2025-03-19	584	Supermarket	Moralesside	Vegetarian	Snacks
103	Bread	35	2025-03-30	391	Supermarket	South Jerryside	Non-Vegetarian	Snacks
104	Dairy	3	2025-03-29	468	Supermarket	East Johnburgh	Non-Vegetarian	Dinner
105	Rice	2	2025-03-24	698	Grocery Store	Phillipsmouth	Non-Vegetarian	Breakfast
106	Rice	31	2025-03-19	253	Catering Service	Sharonton	Vegetarian	Breakfast
107	Salad	29	2025-03-25	464	Catering Service	Port Jacob	Vegetarian	Breakfast
108	Fruits	22	2025-03-25	835	Catering Service	Thorntonbury	Non-Vegetarian	Snacks
109	Fruits	7	2025-03-24	998	Grocery Store	Joshuastad	Vegan	Dinner
110	Salad	49	2025-03-17	354	Catering Service	South Alicia	Vegan	Dinner
111	Soup	13	2025-03-17	904	Grocery Store	West Miaside	Vegetarian	Snacks
112	Chicken	32	2025-03-25	308	Catering Service	Brittanyside	Vegetarian	Lunch
113	Soup	14	2025-03-16	623	Supermarket	Latoyaberg	Vegetarian	Breakfast
114	Vegetables	28	2025-03-27	906	Supermarket	West Kevin	Vegan	Breakfast
115	Pasta	8	2025-03-26	963	Supermarket	East Bernard	Vegan	Lunch
116	Soup	32	2025-03-23	570	Supermarket	Lake Vanessa	Vegetarian	Lunch
117	Soup	32	2025-03-21	530	Catering Service	Johnstonhaven	Non-Vegetarian	Snacks
118	Dairy	42	2025-03-28	863	Restaurant	Port Michael	Vegan	Lunch
119	Bread	49	2025-03-28	135	Catering Service	East Candace	Non-Vegetarian	Breakfast
120	Rice	30	2025-03-18	785	Catering Service	Lindseybury	Vegan	Lunch
121	Vegetables	16	2025-03-30	314	Restaurant	Rodriguezfurt	Non-Vegetarian	Dinner
122	Fruits	7	2025-03-20	846	Supermarket	South Thomasville	Vegan	Snacks
123	Soup	11	2025-03-25	148	Grocery Store	Annahaven	Vegetarian	Lunch
124	Salad	50	2025-03-19	909	Restaurant	Sheilaburgh	Vegetarian	Snacks
125	Rice	21	2025-03-17	982	Grocery Store	Westbury	Vegan	Dinner
126	Dairy	27	2025-03-18	54	Supermarket	Lake Rachael	Vegan	Lunch
127	Rice	48	2025-03-30	763	Restaurant	Josephburgh	Vegan	Snacks
128	Rice	39	2025-03-22	235	Catering Service	Gutierrezshire	Vegetarian	Snacks
129	Chicken	26	2025-03-21	798	Grocery Store	North Amanda	Vegan	Dinner
130	Vegetables	47	2025-03-29	997	Catering Service	East Rossside	Vegan	Breakfast
131	Fish	16	2025-03-18	241	Catering Service	Devinmouth	Vegan	Dinner
132	Soup	20	2025-03-19	840	Restaurant	Cisnerostown	Non-Vegetarian	Snacks
133	Rice	28	2025-03-19	795	Catering Service	Brownberg	Vegan	Lunch
134	Rice	1	2025-03-16	39	Supermarket	Brittanyville	Vegan	Dinner
135	Rice	44	2025-03-23	980	Restaurant	Port Melissa	Vegan	Lunch
136	Bread	29	2025-03-17	723	Supermarket	Jessicaland	Vegan	Dinner
137	Pasta	29	2025-03-19	87	Grocery Store	West Adam	Vegetarian	Snacks
138	Soup	24	2025-03-18	558	Catering Service	North Sharonberg	Non-Vegetarian	Snacks
139	Rice	3	2025-03-20	446	Catering Service	Port Richardshire	Vegetarian	Dinner
140	Chicken	18	2025-03-16	967	Grocery Store	Coleburgh	Vegan	Dinner
141	Dairy	33	2025-03-29	702	Supermarket	Lake Mistyton	Non-Vegetarian	Lunch
142	Soup	41	2025-03-29	368	Grocery Store	North Lindseychester	Vegetarian	Snacks
143	Fish	18	2025-03-24	938	Restaurant	Hollyhaven	Non-Vegetarian	Lunch
144	Bread	18	2025-03-18	810	Catering Service	Lake Jason	Vegan	Lunch
145	Rice	12	2025-03-29	751	Restaurant	East Richardside	Vegan	Lunch
146	Chicken	17	2025-03-25	172	Grocery Store	Garciaside	Vegan	Lunch
147	Vegetables	47	2025-03-30	619	Grocery Store	North Katelynland	Non-Vegetarian	Breakfast
148	Pasta	16	2025-03-18	650	Restaurant	Garzaville	Non-Vegetarian	Breakfast
149	Fish	18	2025-03-20	816	Supermarket	New Jamesburgh	Vegetarian	Breakfast
150	Fish	50	2025-03-28	332	Restaurant	West Whitneymouth	Vegan	Snacks
151	Chicken	19	2025-03-23	902	Supermarket	Port Robertport	Vegetarian	Dinner
152	Fish	46	2025-03-24	58	Grocery Store	North Kevinhaven	Non-Vegetarian	Dinner
153	Fish	20	2025-03-21	737	Restaurant	Port Andrea	Vegetarian	Breakfast
154	Pasta	46	2025-03-30	4	Grocery Store	Mendezmouth	Vegan	Breakfast
155	Fruits	20	2025-03-20	602	Grocery Store	North Destiny	Vegan	Dinner
156	Fish	24	2025-03-19	970	Catering Service	Jeffreybury	Vegetarian	Snacks
157	Chicken	37	2025-03-20	600	Catering Service	Meganshire	Vegan	Breakfast
158	Bread	22	2025-03-30	687	Catering Service	North James	Vegetarian	Breakfast
159	Pasta	7	2025-03-27	653	Catering Service	Cameronside	Vegan	Lunch
160	Rice	27	2025-03-23	367	Grocery Store	Deckermouth	Vegetarian	Snacks
161	Vegetables	32	2025-03-20	414	Supermarket	New Matthew	Non-Vegetarian	Breakfast
162	Pasta	50	2025-03-21	826	Supermarket	Lake Karenfurt	Non-Vegetarian	Breakfast
163	Bread	45	2025-03-16	251	Restaurant	East Terrancemouth	Vegetarian	Dinner
164	Dairy	22	2025-03-27	432	Restaurant	Carolchester	Vegan	Dinner
165	Bread	22	2025-03-28	90	Supermarket	Lake Kristentown	Vegetarian	Lunch
166	Soup	9	2025-03-17	58	Grocery Store	North Kevinhaven	Vegan	Lunch
167	Fish	4	2025-03-20	134	Supermarket	West Melissa	Vegetarian	Lunch
168	Salad	26	2025-03-20	306	Catering Service	North Keith	Non-Vegetarian	Lunch
169	Fruits	18	2025-03-20	336	Supermarket	East Sandra	Vegan	Snacks
170	Fruits	49	2025-03-17	403	Grocery Store	Jeremiahfort	Vegan	Breakfast
171	Salad	25	2025-03-22	103	Catering Service	Port Michaelshire	Vegetarian	Snacks
172	Rice	45	2025-03-28	826	Supermarket	Lake Karenfurt	Non-Vegetarian	Breakfast
173	Soup	17	2025-03-19	538	Restaurant	Jasonmouth	Vegan	Dinner
174	Chicken	23	2025-03-22	903	Catering Service	Lake Kari	Vegan	Breakfast
175	Dairy	26	2025-03-30	465	Restaurant	Johnton	Vegetarian	Breakfast
176	Fish	19	2025-03-30	316	Supermarket	Williamsfort	Non-Vegetarian	Snacks
177	Dairy	22	2025-03-22	863	Restaurant	Port Michael	Vegan	Breakfast
178	Dairy	47	2025-03-21	847	Supermarket	Williamsonmouth	Vegan	Breakfast
179	Bread	11	2025-03-27	601	Catering Service	Port Troychester	Vegetarian	Breakfast
180	Salad	35	2025-03-28	7	Restaurant	Lake Christopherburgh	Vegan	Dinner
181	Rice	35	2025-03-16	47	Supermarket	East Andrewland	Non-Vegetarian	Lunch
182	Soup	29	2025-03-18	247	Catering Service	Port Aaron	Vegan	Breakfast
183	Salad	15	2025-03-30	730	Supermarket	Benjaminstad	Vegan	Snacks
184	Salad	7	2025-03-29	182	Grocery Store	Port Jeffrey	Vegetarian	Dinner
185	Soup	19	2025-03-27	498	Grocery Store	East Craig	Non-Vegetarian	Lunch
186	Pasta	48	2025-03-17	306	Catering Service	North Keith	Vegetarian	Breakfast
187	Dairy	38	2025-03-21	910	Restaurant	Leeburgh	Non-Vegetarian	Snacks
188	Soup	4	2025-03-20	55	Grocery Store	Danachester	Vegan	Breakfast
189	Salad	7	2025-03-20	948	Supermarket	West Lisamouth	Vegetarian	Breakfast
190	Salad	25	2025-03-22	262	Supermarket	New Carol	Non-Vegetarian	Snacks
191	Salad	13	2025-03-22	508	Restaurant	Walkerfurt	Vegan	Lunch
192	Vegetables	5	2025-03-17	320	Supermarket	Lake Jeffreytown	Vegan	Snacks
193	Pasta	25	2025-03-21	354	Catering Service	South Alicia	Vegan	Breakfast
194	Chicken	39	2025-03-26	31	Grocery Store	South Kellyberg	Non-Vegetarian	Lunch
195	Vegetables	31	2025-03-25	847	Supermarket	Williamsonmouth	Non-Vegetarian	Snacks
196	Fish	27	2025-03-28	989	Grocery Store	North Lauren	Non-Vegetarian	Breakfast
197	Rice	21	2025-03-24	453	Grocery Store	East Timothy	Vegetarian	Breakfast
198	Bread	50	2025-03-23	287	Catering Service	Jefferyside	Vegetarian	Breakfast
199	Vegetables	16	2025-03-17	244	Supermarket	Toddberg	Vegan	Breakfast
200	Bread	3	2025-03-24	794	Supermarket	Woodport	Non-Vegetarian	Dinner
201	Soup	35	2025-03-29	330	Restaurant	Jamesport	Vegetarian	Dinner
202	Dairy	17	2025-03-18	319	Restaurant	Lake Amymouth	Vegetarian	Lunch
203	Pasta	8	2025-03-24	215	Grocery Store	New Curtis	Vegetarian	Breakfast
204	Fish	11	2025-03-26	896	Grocery Store	Weberfurt	Non-Vegetarian	Lunch
205	Dairy	13	2025-03-20	22	Catering Service	Port Lisamouth	Vegan	Breakfast
206	Rice	28	2025-03-29	931	Supermarket	South Allisonburgh	Non-Vegetarian	Breakfast
207	Salad	42	2025-03-23	523	Restaurant	Lake Lorrainefort	Vegetarian	Dinner
208	Rice	27	2025-03-26	215	Grocery Store	New Curtis	Vegetarian	Dinner
209	Fish	31	2025-03-26	422	Catering Service	Smithfort	Non-Vegetarian	Dinner
210	Fruits	17	2025-03-28	990	Catering Service	Lake Latasha	Vegetarian	Breakfast
211	Chicken	37	2025-03-22	242	Restaurant	Michaelport	Vegetarian	Snacks
212	Salad	33	2025-03-20	228	Supermarket	Andrewsmouth	Non-Vegetarian	Dinner
213	Fruits	20	2025-03-26	122	Catering Service	Tyronebury	Non-Vegetarian	Snacks
214	Soup	9	2025-03-28	24	Supermarket	Hestermouth	Vegan	Breakfast
215	Bread	50	2025-03-30	315	Restaurant	Lake Andrewmouth	Vegetarian	Snacks
216	Vegetables	33	2025-03-16	206	Catering Service	Port Emilyburgh	Vegetarian	Dinner
217	Soup	42	2025-03-23	290	Supermarket	Bradleyport	Vegetarian	Lunch
218	Fish	38	2025-03-24	159	Grocery Store	North Brooke	Vegan	Snacks
219	Fish	26	2025-03-18	323	Restaurant	Jasmineberg	Vegetarian	Snacks
220	Pasta	18	2025-03-24	976	Restaurant	Davisview	Vegan	Snacks
221	Bread	11	2025-03-19	211	Restaurant	Lake James	Vegan	Snacks
222	Vegetables	23	2025-03-20	333	Restaurant	Port Heidiland	Non-Vegetarian	Breakfast
223	Bread	38	2025-03-17	524	Grocery Store	West Amandafurt	Vegan	Snacks
224	Fruits	29	2025-03-19	556	Catering Service	Brittanyland	Non-Vegetarian	Snacks
225	Fish	26	2025-03-24	340	Grocery Store	Murrayborough	Vegan	Dinner
226	Rice	26	2025-03-22	242	Restaurant	Michaelport	Non-Vegetarian	Snacks
227	Vegetables	25	2025-03-29	923	Supermarket	Jonestown	Non-Vegetarian	Breakfast
228	Rice	12	2025-03-29	98	Supermarket	Gardnerfort	Vegetarian	Snacks
229	Pasta	26	2025-03-22	210	Grocery Store	Paulmouth	Non-Vegetarian	Dinner
230	Fruits	17	2025-03-16	596	Restaurant	Zimmermanville	Vegetarian	Breakfast
231	Rice	33	2025-03-29	782	Supermarket	North Mary	Non-Vegetarian	Breakfast
232	Soup	19	2025-03-28	610	Supermarket	Allenton	Vegan	Lunch
233	Fish	19	2025-03-26	26	Grocery Store	West Adammouth	Non-Vegetarian	Snacks
234	Rice	10	2025-03-16	888	Supermarket	West Sharonview	Vegetarian	Dinner
235	Dairy	38	2025-03-21	170	Catering Service	North Brentbury	Vegan	Lunch
236	Soup	50	2025-03-21	231	Supermarket	North Tom	Non-Vegetarian	Lunch
237	Salad	39	2025-03-27	643	Supermarket	North Ebony	Vegan	Dinner
238	Vegetables	2	2025-03-27	621	Supermarket	Sarahland	Vegetarian	Breakfast
239	Pasta	26	2025-03-17	372	Restaurant	Lewisberg	Vegan	Dinner
240	Fruits	46	2025-03-26	319	Restaurant	Lake Amymouth	Vegetarian	Lunch
241	Fish	4	2025-03-23	135	Catering Service	East Candace	Vegetarian	Breakfast
242	Soup	17	2025-03-21	655	Restaurant	Jimmyberg	Vegan	Dinner
243	Fruits	30	2025-03-24	750	Supermarket	Michaelton	Non-Vegetarian	Snacks
244	Soup	17	2025-03-26	46	Grocery Store	South Lisaberg	Non-Vegetarian	Snacks
245	Chicken	5	2025-03-16	48	Restaurant	Timothyview	Vegetarian	Dinner
246	Salad	50	2025-03-28	768	Restaurant	South Danielle	Non-Vegetarian	Snacks
247	Fish	17	2025-03-30	47	Supermarket	East Andrewland	Non-Vegetarian	Lunch
248	Vegetables	32	2025-03-21	960	Supermarket	Port Lance	Non-Vegetarian	Lunch
249	Salad	39	2025-03-28	596	Restaurant	Zimmermanville	Vegan	Breakfast
250	Bread	8	2025-03-16	316	Supermarket	Williamsfort	Vegan	Snacks
251	Dairy	12	2025-03-24	241	Catering Service	Devinmouth	Non-Vegetarian	Lunch
252	Chicken	18	2025-03-19	113	Catering Service	East Elizabethberg	Non-Vegetarian	Snacks
253	Rice	20	2025-03-19	231	Supermarket	North Tom	Vegan	Snacks
254	Rice	30	2025-03-24	703	Catering Service	Lake Jamestown	Non-Vegetarian	Lunch
255	Dairy	44	2025-03-24	825	Supermarket	South Bryan	Non-Vegetarian	Lunch
256	Rice	33	2025-03-28	384	Grocery Store	Jamesfurt	Non-Vegetarian	Dinner
257	Chicken	41	2025-03-25	344	Catering Service	North Nicholas	Vegan	Snacks
258	Fish	24	2025-03-21	101	Restaurant	East Angelafort	Vegetarian	Breakfast
259	Rice	44	2025-03-27	815	Grocery Store	Ashleyhaven	Non-Vegetarian	Snacks
260	Fruits	50	2025-03-29	723	Supermarket	Jessicaland	Vegetarian	Dinner
261	Pasta	15	2025-03-21	112	Restaurant	East Courtneymouth	Non-Vegetarian	Lunch
262	Dairy	47	2025-03-30	693	Restaurant	Raybury	Vegetarian	Breakfast
263	Salad	21	2025-03-30	408	Supermarket	Riceshire	Vegetarian	Breakfast
264	Bread	49	2025-03-24	484	Restaurant	North Douglasfurt	Vegetarian	Dinner
265	Fruits	32	2025-03-26	862	Grocery Store	East Tammy	Non-Vegetarian	Breakfast
266	Soup	30	2025-03-23	589	Restaurant	Morganhaven	Vegetarian	Lunch
267	Soup	6	2025-03-30	107	Restaurant	West Lauraborough	Non-Vegetarian	Dinner
268	Fish	21	2025-03-29	485	Restaurant	East Andrea	Non-Vegetarian	Breakfast
269	Soup	36	2025-03-28	595	Grocery Store	Port Matthew	Non-Vegetarian	Snacks
270	Pasta	29	2025-03-29	201	Catering Service	Sandrastad	Vegan	Lunch
271	Rice	22	2025-03-17	254	Restaurant	Reidland	Vegan	Breakfast
272	Vegetables	30	2025-03-25	151	Restaurant	Anthonyshire	Vegan	Dinner
273	Salad	32	2025-03-16	446	Catering Service	Port Richardshire	Non-Vegetarian	Lunch
274	Salad	37	2025-03-29	768	Restaurant	South Danielle	Vegan	Snacks
275	Fish	35	2025-03-24	657	Supermarket	Davidland	Non-Vegetarian	Breakfast
276	Fruits	47	2025-03-29	839	Grocery Store	Port Erin	Vegan	Breakfast
277	Pasta	30	2025-03-22	244	Supermarket	Toddberg	Non-Vegetarian	Lunch
278	Soup	35	2025-03-24	66	Restaurant	Lake Michaelfurt	Non-Vegetarian	Lunch
279	Chicken	3	2025-03-25	326	Supermarket	Lake Alicia	Non-Vegetarian	Lunch
280	Pasta	44	2025-03-27	393	Restaurant	Heatherview	Vegan	Dinner
281	Rice	28	2025-03-23	356	Supermarket	West Michael	Non-Vegetarian	Breakfast
282	Fruits	27	2025-03-25	640	Grocery Store	West Tinamouth	Non-Vegetarian	Lunch
283	Dairy	7	2025-03-30	312	Restaurant	North Ianbury	Non-Vegetarian	Breakfast
284	Vegetables	36	2025-03-27	161	Supermarket	Perezport	Vegetarian	Breakfast
285	Rice	44	2025-03-19	353	Grocery Store	North Aaron	Vegetarian	Breakfast
286	Pasta	37	2025-03-26	43	Supermarket	South Karen	Vegetarian	Snacks
287	Salad	20	2025-03-17	882	Supermarket	Jenniferville	Vegan	Breakfast
288	Bread	48	2025-03-22	703	Catering Service	Lake Jamestown	Vegetarian	Breakfast
289	Vegetables	31	2025-03-17	237	Supermarket	Frederickside	Non-Vegetarian	Breakfast
290	Dairy	19	2025-03-19	315	Restaurant	Lake Andrewmouth	Non-Vegetarian	Lunch
291	Salad	12	2025-03-19	785	Catering Service	Lindseybury	Vegetarian	Breakfast
292	Chicken	16	2025-03-17	906	Supermarket	West Kevin	Non-Vegetarian	Breakfast
293	Rice	32	2025-03-27	276	Supermarket	Port Eric	Non-Vegetarian	Dinner
294	Bread	40	2025-03-19	113	Catering Service	East Elizabethberg	Vegan	Dinner
295	Soup	39	2025-03-17	344	Catering Service	North Nicholas	Non-Vegetarian	Dinner
296	Dairy	24	2025-03-19	655	Restaurant	Jimmyberg	Vegan	Lunch
297	Pasta	46	2025-03-19	409	Grocery Store	East Roberthaven	Non-Vegetarian	Breakfast
298	Chicken	2	2025-03-22	883	Supermarket	New Jacob	Vegetarian	Lunch
299	Dairy	14	2025-03-21	718	Restaurant	Port Victoria	Non-Vegetarian	Lunch
300	Pasta	16	2025-03-17	459	Supermarket	Castilloport	Non-Vegetarian	Snacks
301	Rice	35	2025-03-24	886	Restaurant	New Tiffanystad	Vegan	Breakfast
302	Bread	31	2025-03-23	760	Supermarket	Yatesside	Vegan	Snacks
303	Fish	2	2025-03-18	945	Grocery Store	Tamaraside	Vegan	Dinner
304	Fish	5	2025-03-19	639	Supermarket	Richardsonhaven	Vegetarian	Dinner
305	Soup	14	2025-03-30	38	Supermarket	Perkinsbury	Non-Vegetarian	Breakfast
306	Salad	27	2025-03-22	284	Supermarket	North Julieburgh	Non-Vegetarian	Snacks
307	Chicken	20	2025-03-20	384	Grocery Store	Jamesfurt	Non-Vegetarian	Breakfast
308	Soup	11	2025-03-29	973	Supermarket	New Larry	Vegan	Snacks
309	Chicken	47	2025-03-27	1000	Restaurant	Brendantown	Vegan	Snacks
310	Rice	13	2025-03-20	528	Supermarket	Markport	Vegan	Dinner
311	Fish	3	2025-03-18	740	Catering Service	Port Marissachester	Vegan	Dinner
312	Fruits	11	2025-03-26	238	Grocery Store	North Julieburgh	Non-Vegetarian	Breakfast
313	Fruits	3	2025-03-26	551	Restaurant	East Sandratown	Vegetarian	Snacks
314	Fish	27	2025-03-23	387	Grocery Store	West Juliabury	Vegetarian	Lunch
315	Salad	47	2025-03-18	761	Catering Service	New Zachary	Vegetarian	Dinner
316	Salad	4	2025-03-28	494	Supermarket	New Denise	Vegetarian	Dinner
317	Dairy	22	2025-03-21	866	Grocery Store	New Robertstad	Non-Vegetarian	Dinner
318	Pasta	48	2025-03-25	946	Catering Service	Roystad	Vegan	Lunch
319	Chicken	47	2025-03-30	63	Supermarket	Mcclainfurt	Vegetarian	Snacks
320	Vegetables	26	2025-03-20	484	Restaurant	North Douglasfurt	Vegetarian	Lunch
321	Pasta	20	2025-03-18	572	Supermarket	Lake Cathy	Non-Vegetarian	Lunch
322	Chicken	12	2025-03-26	575	Catering Service	Johnport	Non-Vegetarian	Dinner
323	Dairy	31	2025-03-27	4	Grocery Store	Mendezmouth	Vegan	Snacks
324	Soup	39	2025-03-24	346	Grocery Store	Thomasville	Vegetarian	Snacks
325	Chicken	32	2025-03-25	365	Restaurant	West Robert	Vegan	Dinner
326	Soup	25	2025-03-29	407	Restaurant	North Charlesside	Vegan	Dinner
327	Dairy	24	2025-03-22	834	Supermarket	Harrishaven	Vegetarian	Breakfast
328	Chicken	36	2025-03-19	876	Grocery Store	Brookeland	Vegetarian	Snacks
329	Rice	42	2025-03-17	716	Catering Service	North Ryan	Vegetarian	Dinner
330	Rice	49	2025-03-19	407	Restaurant	North Charlesside	Vegan	Snacks
331	Fish	8	2025-03-22	480	Catering Service	East Kevin	Vegan	Breakfast
332	Rice	12	2025-03-21	616	Restaurant	Clarkberg	Vegetarian	Dinner
333	Salad	41	2025-03-20	139	Supermarket	Port Connie	Non-Vegetarian	Breakfast
334	Bread	17	2025-03-19	126	Supermarket	New Rodneyville	Non-Vegetarian	Snacks
335	Rice	38	2025-03-20	664	Catering Service	Jeffreyshire	Non-Vegetarian	Snacks
336	Dairy	36	2025-03-23	101	Restaurant	East Angelafort	Non-Vegetarian	Snacks
337	Vegetables	5	2025-03-24	301	Supermarket	East Laurashire	Vegan	Snacks
338	Chicken	7	2025-03-19	735	Restaurant	Westmouth	Non-Vegetarian	Lunch
339	Pasta	40	2025-03-29	512	Grocery Store	Port Timothystad	Non-Vegetarian	Dinner
340	Fruits	3	2025-03-24	634	Supermarket	Colemanton	Vegetarian	Dinner
341	Vegetables	48	2025-03-30	908	Supermarket	East Phillipton	Non-Vegetarian	Dinner
342	Vegetables	5	2025-03-27	766	Catering Service	Jonathanmouth	Vegetarian	Lunch
343	Bread	40	2025-03-27	563	Grocery Store	East Angela	Vegan	Snacks
344	Vegetables	44	2025-03-23	678	Grocery Store	Lake Travis	Vegan	Snacks
345	Pasta	14	2025-03-20	346	Grocery Store	Thomasville	Vegan	Lunch
346	Chicken	16	2025-03-28	2	Grocery Store	East Sheena	Vegan	Snacks
347	Chicken	45	2025-03-24	567	Catering Service	Jonathanstad	Vegetarian	Breakfast
348	Fish	21	2025-03-27	107	Restaurant	West Lauraborough	Vegetarian	Lunch
349	Vegetables	33	2025-03-18	766	Catering Service	Jonathanmouth	Vegetarian	Breakfast
350	Pasta	8	2025-03-21	828	Catering Service	Torresshire	Non-Vegetarian	Breakfast
351	Bread	45	2025-03-25	678	Grocery Store	Lake Travis	Non-Vegetarian	Snacks
352	Vegetables	31	2025-03-28	692	Supermarket	South Andrewport	Vegetarian	Dinner
353	Fruits	5	2025-03-29	418	Restaurant	Deborahfurt	Non-Vegetarian	Lunch
354	Pasta	3	2025-03-24	380	Restaurant	Lake Christophermouth	Vegan	Lunch
355	Pasta	10	2025-03-22	662	Supermarket	Port Lesliebury	Vegetarian	Dinner
356	Fish	27	2025-03-20	71	Restaurant	Ruizmouth	Vegan	Lunch
357	Chicken	1	2025-03-23	939	Catering Service	New Monicaside	Vegan	Dinner
358	Fruits	41	2025-03-21	810	Catering Service	Lake Jason	Vegetarian	Breakfast
359	Bread	6	2025-03-23	811	Grocery Store	East Emily	Non-Vegetarian	Lunch
360	Chicken	12	2025-03-18	22	Catering Service	Port Lisamouth	Vegan	Dinner
361	Dairy	17	2025-03-16	391	Supermarket	South Jerryside	Vegetarian	Breakfast
362	Chicken	29	2025-03-27	785	Catering Service	Lindseybury	Vegan	Snacks
363	Bread	24	2025-03-23	770	Supermarket	East Melissa	Non-Vegetarian	Breakfast
364	Fish	33	2025-03-22	540	Catering Service	Henrychester	Non-Vegetarian	Snacks
365	Fruits	48	2025-03-27	71	Restaurant	Ruizmouth	Non-Vegetarian	Dinner
366	Chicken	25	2025-03-24	331	Catering Service	South Jeffreyburgh	Non-Vegetarian	Lunch
367	Vegetables	38	2025-03-29	610	Supermarket	Allenton	Non-Vegetarian	Snacks
368	Salad	1	2025-03-16	826	Supermarket	Lake Karenfurt	Non-Vegetarian	Lunch
369	Fruits	23	2025-03-16	523	Restaurant	Lake Lorrainefort	Vegan	Breakfast
370	Fruits	35	2025-03-16	783	Restaurant	Port Melanie	Vegan	Lunch
371	Bread	34	2025-03-21	154	Supermarket	New John	Non-Vegetarian	Lunch
372	Pasta	11	2025-03-25	138	Grocery Store	North Sherrimouth	Vegan	Snacks
373	Rice	39	2025-03-21	252	Grocery Store	Phillipsfort	Non-Vegetarian	Lunch
374	Chicken	44	2025-03-21	709	Restaurant	South Kathryn	Vegan	Lunch
375	Vegetables	15	2025-03-28	569	Grocery Store	South Russelltown	Vegan	Dinner
376	Vegetables	47	2025-03-25	41	Catering Service	Bentleyburgh	Vegan	Lunch
377	Pasta	22	2025-03-25	737	Restaurant	Port Andrea	Non-Vegetarian	Breakfast
378	Soup	39	2025-03-19	834	Supermarket	Harrishaven	Vegetarian	Lunch
379	Rice	14	2025-03-18	312	Restaurant	North Ianbury	Vegetarian	Lunch
380	Soup	26	2025-03-22	985	Restaurant	Harrisonbury	Non-Vegetarian	Snacks
381	Pasta	35	2025-03-18	86	Catering Service	New Michelle	Vegan	Dinner
382	Salad	42	2025-03-20	208	Restaurant	East Garyton	Non-Vegetarian	Dinner
383	Vegetables	48	2025-03-19	783	Restaurant	Port Melanie	Vegan	Lunch
384	Fish	14	2025-03-26	614	Supermarket	Robertshire	Vegan	Snacks
385	Pasta	7	2025-03-25	885	Restaurant	Lake Stephen	Non-Vegetarian	Dinner
386	Salad	30	2025-03-22	697	Restaurant	Padillatown	Vegetarian	Snacks
387	Rice	31	2025-03-24	958	Restaurant	Lake Vanessaland	Vegan	Dinner
388	Soup	41	2025-03-25	858	Restaurant	Johnsonborough	Vegetarian	Dinner
389	Vegetables	30	2025-03-18	707	Supermarket	Laurietown	Non-Vegetarian	Snacks
390	Soup	19	2025-03-27	264	Catering Service	New Richard	Non-Vegetarian	Lunch
391	Bread	40	2025-03-25	321	Restaurant	North Edwinchester	Vegan	Lunch
392	Soup	34	2025-03-19	599	Restaurant	Carlborough	Vegan	Dinner
393	Bread	50	2025-03-28	404	Restaurant	Brownchester	Vegan	Breakfast
394	Fruits	30	2025-03-21	485	Restaurant	East Andrea	Vegetarian	Dinner
395	Vegetables	36	2025-03-28	717	Catering Service	Pamelaberg	Vegan	Lunch
396	Dairy	5	2025-03-17	726	Supermarket	Shortfurt	Non-Vegetarian	Dinner
397	Salad	14	2025-03-21	987	Supermarket	South Kevinhaven	Non-Vegetarian	Breakfast
398	Dairy	27	2025-03-20	802	Catering Service	North Katherineshire	Non-Vegetarian	Snacks
399	Chicken	16	2025-03-29	593	Grocery Store	Tammyside	Vegetarian	Lunch
400	Rice	42	2025-03-29	897	Catering Service	Villastad	Vegan	Lunch
401	Soup	42	2025-03-18	582	Grocery Store	West Dannyland	Vegetarian	Lunch
402	Fish	11	2025-03-29	429	Grocery Store	Lake Benjamin	Non-Vegetarian	Lunch
403	Bread	25	2025-03-28	133	Catering Service	South Michaelberg	Non-Vegetarian	Breakfast
404	Salad	10	2025-03-18	691	Restaurant	Youngchester	Vegetarian	Snacks
405	Bread	16	2025-03-20	241	Catering Service	Devinmouth	Vegetarian	Lunch
406	Salad	28	2025-03-22	222	Catering Service	Stephanieberg	Vegetarian	Snacks
407	Chicken	32	2025-03-20	912	Catering Service	Blaketown	Vegetarian	Lunch
408	Soup	42	2025-03-24	391	Supermarket	South Jerryside	Non-Vegetarian	Breakfast
409	Chicken	46	2025-03-24	898	Restaurant	Medinatown	Vegetarian	Dinner
410	Salad	21	2025-03-19	273	Supermarket	New Carol	Non-Vegetarian	Snacks
411	Soup	39	2025-03-30	419	Supermarket	Port Peter	Non-Vegetarian	Breakfast
412	Chicken	10	2025-03-28	999	Grocery Store	Stevenchester	Non-Vegetarian	Snacks
413	Salad	31	2025-03-24	315	Restaurant	Lake Andrewmouth	Vegetarian	Lunch
414	Vegetables	7	2025-03-21	353	Grocery Store	North Aaron	Non-Vegetarian	Snacks
415	Vegetables	18	2025-03-23	537	Restaurant	Callahanside	Vegan	Breakfast
416	Soup	49	2025-03-26	888	Supermarket	West Sharonview	Vegan	Dinner
417	Soup	49	2025-03-19	196	Restaurant	Bartonborough	Vegan	Snacks
418	Vegetables	19	2025-03-30	685	Supermarket	Maysside	Non-Vegetarian	Lunch
419	Rice	26	2025-03-19	585	Grocery Store	Port Donnaton	Vegetarian	Breakfast
420	Soup	13	2025-03-26	386	Grocery Store	Wheelermouth	Vegan	Breakfast
421	Dairy	24	2025-03-17	676	Catering Service	Lake Jasmin	Vegetarian	Dinner
422	Soup	2	2025-03-20	550	Catering Service	Timothychester	Non-Vegetarian	Breakfast
423	Fish	6	2025-03-30	926	Grocery Store	North Chase	Vegan	Breakfast
424	Pasta	41	2025-03-27	910	Restaurant	Leeburgh	Non-Vegetarian	Lunch
425	Chicken	19	2025-03-24	4	Grocery Store	Mendezmouth	Non-Vegetarian	Breakfast
426	Bread	6	2025-03-22	461	Restaurant	New Hannah	Vegetarian	Dinner
427	Soup	34	2025-03-18	338	Catering Service	Adambury	Non-Vegetarian	Lunch
428	Dairy	35	2025-03-16	242	Restaurant	Michaelport	Vegetarian	Snacks
429	Pasta	34	2025-03-17	178	Catering Service	Scottchester	Non-Vegetarian	Lunch
430	Dairy	33	2025-03-28	853	Catering Service	East Michelle	Vegan	Snacks
431	Pasta	21	2025-03-20	144	Catering Service	Bellport	Non-Vegetarian	Lunch
432	Dairy	34	2025-03-17	979	Restaurant	West Hunter	Non-Vegetarian	Breakfast
433	Dairy	50	2025-03-18	892	Grocery Store	Russellfurt	Vegetarian	Lunch
434	Vegetables	20	2025-03-23	460	Grocery Store	Lake Justin	Non-Vegetarian	Snacks
435	Chicken	26	2025-03-30	373	Grocery Store	Aprilberg	Non-Vegetarian	Lunch
436	Pasta	6	2025-03-26	126	Supermarket	New Rodneyville	Vegan	Snacks
437	Chicken	29	2025-03-16	345	Catering Service	North Tracy	Non-Vegetarian	Dinner
438	Dairy	46	2025-03-20	84	Restaurant	Marthaside	Vegetarian	Breakfast
439	Fruits	41	2025-03-16	986	Supermarket	Port David	Vegan	Dinner
440	Pasta	34	2025-03-21	499	Catering Service	Jonathanstad	Vegan	Lunch
441	Fruits	2	2025-03-18	919	Supermarket	Port Tanyaburgh	Vegetarian	Lunch
442	Fish	20	2025-03-18	905	Restaurant	North Kennethshire	Non-Vegetarian	Lunch
443	Chicken	34	2025-03-22	671	Grocery Store	North Catherine	Non-Vegetarian	Lunch
444	Dairy	27	2025-03-27	117	Restaurant	Amberton	Non-Vegetarian	Lunch
445	Pasta	13	2025-03-18	995	Supermarket	Manningshire	Vegan	Lunch
446	Bread	9	2025-03-24	39	Supermarket	Brittanyville	Non-Vegetarian	Snacks
447	Soup	21	2025-03-26	736	Supermarket	East Anthony	Vegetarian	Lunch
448	Vegetables	25	2025-03-23	221	Supermarket	Walterborough	Vegan	Snacks
449	Dairy	21	2025-03-17	655	Restaurant	Jimmyberg	Vegetarian	Dinner
450	Bread	9	2025-03-23	368	Grocery Store	North Lindseychester	Non-Vegetarian	Dinner
451	Fish	14	2025-03-18	713	Grocery Store	Smithmouth	Vegan	Breakfast
452	Vegetables	47	2025-03-23	871	Supermarket	Madelinechester	Vegan	Dinner
453	Fish	21	2025-03-21	664	Catering Service	Jeffreyshire	Vegetarian	Lunch
454	Pasta	4	2025-03-22	189	Supermarket	Brianside	Vegetarian	Lunch
455	Pasta	17	2025-03-27	630	Catering Service	West Matthew	Vegan	Dinner
456	Vegetables	16	2025-03-19	144	Catering Service	Bellport	Vegetarian	Snacks
457	Soup	30	2025-03-25	347	Supermarket	Louismouth	Non-Vegetarian	Lunch
458	Dairy	16	2025-03-23	210	Grocery Store	Paulmouth	Vegan	Lunch
459	Rice	2	2025-03-22	213	Grocery Store	Andersonville	Vegetarian	Snacks
460	Dairy	45	2025-03-17	202	Supermarket	Vazquezshire	Vegetarian	Dinner
461	Pasta	10	2025-03-19	511	Grocery Store	Port Davidshire	Vegetarian	Dinner
462	Soup	22	2025-03-23	85	Catering Service	Christopherstad	Vegan	Dinner
463	Soup	36	2025-03-17	384	Grocery Store	Jamesfurt	Vegan	Lunch
464	Fish	27	2025-03-20	201	Catering Service	Sandrastad	Vegetarian	Lunch
465	Rice	32	2025-03-19	532	Grocery Store	Darrylchester	Vegetarian	Snacks
466	Rice	6	2025-03-30	729	Grocery Store	Lake Nathan	Vegetarian	Dinner
467	Dairy	7	2025-03-28	337	Restaurant	New Ricky	Non-Vegetarian	Dinner
468	Fruits	1	2025-03-27	258	Restaurant	Lake Anthonyport	Vegetarian	Breakfast
469	Vegetables	7	2025-03-30	388	Supermarket	Manuelhaven	Vegetarian	Snacks
470	Salad	38	2025-03-17	435	Restaurant	Port Leahfurt	Vegan	Dinner
471	Pasta	15	2025-03-30	637	Grocery Store	East Williamshire	Vegetarian	Lunch
472	Salad	21	2025-03-20	340	Grocery Store	Murrayborough	Non-Vegetarian	Snacks
473	Chicken	19	2025-03-30	528	Supermarket	Markport	Vegetarian	Breakfast
474	Rice	5	2025-03-22	215	Grocery Store	New Curtis	Vegetarian	Dinner
475	Pasta	13	2025-03-26	357	Supermarket	Donnaborough	Vegetarian	Dinner
476	Fruits	2	2025-03-28	993	Restaurant	East Stephanie	Non-Vegetarian	Dinner
477	Dairy	40	2025-03-18	262	Supermarket	New Carol	Vegan	Breakfast
478	Soup	43	2025-03-17	928	Catering Service	Zimmermanton	Vegetarian	Lunch
479	Salad	2	2025-03-18	786	Restaurant	Basstown	Vegetarian	Breakfast
480	Pasta	25	2025-03-24	517	Grocery Store	Wadeville	Non-Vegetarian	Lunch
481	Dairy	16	2025-03-19	705	Grocery Store	East Robert	Vegan	Dinner
482	Salad	32	2025-03-27	912	Catering Service	Blaketown	Non-Vegetarian	Dinner
483	Vegetables	36	2025-03-29	933	Catering Service	Anthonyborough	Vegetarian	Snacks
484	Bread	15	2025-03-22	133	Catering Service	South Michaelberg	Vegan	Snacks
485	Salad	50	2025-03-18	185	Restaurant	Shirleyland	Vegan	Lunch
486	Chicken	9	2025-03-25	550	Catering Service	Timothychester	Vegan	Snacks
487	Fruits	43	2025-03-18	499	Catering Service	Jonathanstad	Vegetarian	Dinner
488	Fish	22	2025-03-19	527	Supermarket	Bonillahaven	Vegetarian	Breakfast
489	Fish	39	2025-03-25	705	Grocery Store	East Robert	Vegetarian	Dinner
490	Salad	3	2025-03-24	563	Grocery Store	East Angela	Non-Vegetarian	Snacks
491	Fruits	23	2025-03-25	139	Supermarket	Port Connie	Vegan	Lunch
492	Pasta	30	2025-03-28	295	Restaurant	Meghanfurt	Vegetarian	Breakfast
493	Fish	26	2025-03-30	102	Grocery Store	West Samantha	Vegetarian	Snacks
494	Bread	41	2025-03-24	129	Restaurant	Port Emily	Vegetarian	Breakfast
495	Pasta	34	2025-03-22	494	Supermarket	New Denise	Vegetarian	Dinner
496	Chicken	22	2025-03-28	552	Catering Service	Pearsonchester	Vegetarian	Dinner
497	Dairy	48	2025-03-27	709	Restaurant	South Kathryn	Vegetarian	Dinner
498	Rice	28	2025-03-16	507	Grocery Store	Lake Diane	Non-Vegetarian	Snacks
499	Salad	6	2025-03-23	154	Supermarket	New John	Non-Vegetarian	Snacks
500	Pasta	14	2025-03-30	230	Grocery Store	North Melanie	Vegan	Dinner
501	Chicken	27	2025-03-24	11	Supermarket	South Robert	Vegetarian	Lunch
502	Dairy	40	2025-03-19	123	Grocery Store	East Meganfort	Vegan	Lunch
503	Rice	40	2025-03-29	861	Grocery Store	Lake Kendramouth	Non-Vegetarian	Snacks
504	Rice	28	2025-03-30	227	Grocery Store	Derekport	Vegetarian	Lunch
505	Pasta	12	2025-03-22	494	Supermarket	New Denise	Vegetarian	Snacks
506	Fruits	37	2025-03-29	793	Grocery Store	West Brandon	Non-Vegetarian	Snacks
507	Chicken	43	2025-03-26	968	Restaurant	Christopherton	Vegetarian	Lunch
508	Dairy	42	2025-03-18	176	Restaurant	East John	Vegan	Lunch
509	Dairy	18	2025-03-17	980	Restaurant	Port Melissa	Non-Vegetarian	Snacks
510	Salad	33	2025-03-28	697	Restaurant	Padillatown	Non-Vegetarian	Dinner
511	Salad	25	2025-03-27	879	Supermarket	Lake Michael	Vegan	Snacks
512	Chicken	20	2025-03-27	911	Restaurant	Garciatown	Vegetarian	Lunch
513	Fruits	49	2025-03-18	255	Supermarket	Crystalborough	Vegetarian	Snacks
514	Salad	20	2025-03-24	880	Catering Service	Sheenashire	Vegetarian	Snacks
515	Dairy	10	2025-03-27	725	Grocery Store	New Evanport	Vegan	Lunch
516	Fish	24	2025-03-23	846	Supermarket	South Thomasville	Non-Vegetarian	Breakfast
517	Dairy	4	2025-03-26	45	Catering Service	East Deniseborough	Vegan	Dinner
518	Fruits	46	2025-03-22	210	Grocery Store	Paulmouth	Vegan	Lunch
519	Pasta	43	2025-03-26	7	Restaurant	Lake Christopherburgh	Non-Vegetarian	Lunch
520	Fish	23	2025-03-25	559	Catering Service	New Baileyfort	Non-Vegetarian	Breakfast
521	Vegetables	23	2025-03-17	792	Catering Service	Mortonfort	Vegan	Snacks
522	Rice	7	2025-03-22	783	Restaurant	Port Melanie	Vegetarian	Lunch
523	Salad	29	2025-03-22	351	Grocery Store	South Stefanietown	Non-Vegetarian	Lunch
524	Soup	25	2025-03-18	387	Grocery Store	West Juliabury	Vegan	Snacks
525	Soup	30	2025-03-16	717	Catering Service	Pamelaberg	Vegetarian	Lunch
526	Rice	11	2025-03-30	883	Supermarket	New Jacob	Vegetarian	Lunch
527	Dairy	3	2025-03-23	674	Restaurant	Anthonyhaven	Non-Vegetarian	Snacks
528	Chicken	6	2025-03-27	677	Grocery Store	Williamsmouth	Vegan	Snacks
529	Dairy	48	2025-03-17	901	Supermarket	West Melissastad	Non-Vegetarian	Dinner
530	Soup	32	2025-03-27	583	Catering Service	Marcstad	Vegetarian	Breakfast
531	Salad	42	2025-03-17	57	Grocery Store	Port Robin	Vegan	Lunch
532	Bread	50	2025-03-20	550	Catering Service	Timothychester	Non-Vegetarian	Breakfast
533	Fruits	25	2025-03-17	273	Supermarket	New Carol	Vegetarian	Breakfast
534	Vegetables	34	2025-03-30	223	Restaurant	Longland	Non-Vegetarian	Dinner
535	Fish	24	2025-03-29	668	Grocery Store	Salinasville	Vegan	Snacks
536	Rice	13	2025-03-19	683	Grocery Store	Christinetown	Vegan	Dinner
537	Salad	9	2025-03-17	949	Supermarket	Lake Deborah	Vegetarian	Breakfast
538	Dairy	18	2025-03-29	840	Restaurant	Cisnerostown	Vegetarian	Lunch
539	Vegetables	14	2025-03-22	161	Supermarket	Perezport	Vegetarian	Breakfast
540	Soup	33	2025-03-22	31	Grocery Store	South Kellyberg	Non-Vegetarian	Snacks
541	Vegetables	12	2025-03-29	549	Catering Service	East Deborah	Vegan	Dinner
542	Bread	7	2025-03-26	926	Grocery Store	North Chase	Vegetarian	Lunch
543	Fruits	9	2025-03-26	526	Supermarket	South Tylerstad	Vegan	Dinner
544	Soup	36	2025-03-30	551	Restaurant	East Sandratown	Non-Vegetarian	Dinner
545	Pasta	23	2025-03-29	984	Catering Service	South Edwardtown	Vegetarian	Snacks
546	Pasta	33	2025-03-24	116	Grocery Store	Moseshaven	Vegan	Snacks
547	Chicken	26	2025-03-23	825	Supermarket	South Bryan	Vegan	Snacks
548	Fish	26	2025-03-19	714	Catering Service	North William	Vegan	Snacks
549	Rice	34	2025-03-23	631	Supermarket	North Kevinhaven	Non-Vegetarian	Breakfast
550	Rice	16	2025-03-29	836	Catering Service	New Ninashire	Vegan	Dinner
551	Chicken	4	2025-03-26	245	Restaurant	Lake Heather	Vegan	Lunch
552	Dairy	44	2025-03-21	98	Supermarket	Gardnerfort	Vegetarian	Dinner
553	Salad	36	2025-03-24	93	Supermarket	New Daniel	Vegan	Breakfast
554	Soup	31	2025-03-20	754	Restaurant	North Sharonburgh	Non-Vegetarian	Breakfast
555	Dairy	47	2025-03-20	371	Grocery Store	Solisburgh	Vegan	Breakfast
556	Fish	48	2025-03-21	938	Restaurant	Hollyhaven	Vegan	Lunch
557	Vegetables	20	2025-03-30	169	Grocery Store	Lindseyland	Non-Vegetarian	Dinner
558	Chicken	32	2025-03-20	267	Catering Service	Port Kevinburgh	Vegetarian	Snacks
559	Salad	18	2025-03-22	814	Grocery Store	Allenborough	Vegan	Dinner
560	Fruits	41	2025-03-18	850	Grocery Store	North Stevenbury	Non-Vegetarian	Snacks
561	Pasta	47	2025-03-20	861	Grocery Store	Lake Kendramouth	Non-Vegetarian	Lunch
562	Dairy	3	2025-03-30	906	Supermarket	West Kevin	Vegan	Dinner
563	Pasta	37	2025-03-19	554	Restaurant	Brandyberg	Non-Vegetarian	Lunch
564	Fish	29	2025-03-28	518	Grocery Store	Anneville	Non-Vegetarian	Lunch
565	Pasta	36	2025-03-24	41	Catering Service	Bentleyburgh	Non-Vegetarian	Lunch
566	Fish	8	2025-03-17	328	Grocery Store	Port Rubenville	Vegan	Lunch
567	Bread	3	2025-03-28	234	Catering Service	New Joel	Vegetarian	Breakfast
568	Fruits	11	2025-03-29	709	Restaurant	South Kathryn	Non-Vegetarian	Breakfast
569	Fish	20	2025-03-25	68	Supermarket	North Elizabeth	Vegan	Lunch
570	Vegetables	8	2025-03-16	659	Restaurant	East Lori	Non-Vegetarian	Breakfast
571	Salad	39	2025-03-18	49	Supermarket	Lake Traceyburgh	Non-Vegetarian	Breakfast
572	Bread	46	2025-03-22	212	Supermarket	Port Markview	Vegetarian	Dinner
573	Fish	40	2025-03-30	111	Supermarket	South Davidside	Vegetarian	Snacks
574	Vegetables	17	2025-03-29	239	Grocery Store	South Bradleyburgh	Non-Vegetarian	Breakfast
575	Pasta	15	2025-03-18	88	Restaurant	Salastown	Non-Vegetarian	Breakfast
576	Salad	35	2025-03-24	786	Restaurant	Basstown	Non-Vegetarian	Lunch
577	Bread	30	2025-03-29	161	Supermarket	Perezport	Non-Vegetarian	Dinner
578	Salad	27	2025-03-29	285	Restaurant	West Corey	Vegan	Snacks
579	Dairy	44	2025-03-24	885	Restaurant	Lake Stephen	Vegetarian	Breakfast
580	Rice	21	2025-03-24	497	Catering Service	Chelseyfort	Non-Vegetarian	Snacks
581	Salad	8	2025-03-20	656	Restaurant	South Tiffanyfort	Vegetarian	Breakfast
582	Soup	44	2025-03-20	501	Grocery Store	Jordanhaven	Vegetarian	Snacks
583	Vegetables	44	2025-03-23	938	Restaurant	Hollyhaven	Non-Vegetarian	Dinner
584	Salad	16	2025-03-30	590	Grocery Store	Richchester	Non-Vegetarian	Snacks
585	Rice	3	2025-03-26	514	Supermarket	Maxwellburgh	Vegetarian	Breakfast
586	Vegetables	37	2025-03-18	54	Supermarket	Lake Rachael	Vegetarian	Breakfast
587	Fruits	22	2025-03-21	192	Catering Service	Leslieville	Non-Vegetarian	Dinner
588	Dairy	31	2025-03-27	709	Restaurant	South Kathryn	Non-Vegetarian	Breakfast
589	Rice	49	2025-03-20	20	Catering Service	East Samantha	Vegetarian	Dinner
590	Fruits	11	2025-03-28	56	Catering Service	Michaelview	Vegan	Snacks
591	Fruits	19	2025-03-28	154	Supermarket	New John	Vegetarian	Breakfast
592	Rice	13	2025-03-23	341	Grocery Store	Lake Ryanbury	Vegan	Lunch
593	Soup	2	2025-03-23	515	Restaurant	Snyderton	Vegan	Lunch
594	Chicken	35	2025-03-28	140	Restaurant	Watsonstad	Non-Vegetarian	Breakfast
595	Salad	42	2025-03-19	358	Restaurant	South Crystalberg	Vegan	Lunch
596	Fish	44	2025-03-29	158	Catering Service	North Crystal	Non-Vegetarian	Lunch
597	Dairy	12	2025-03-20	563	Grocery Store	East Angela	Vegetarian	Lunch
598	Rice	19	2025-03-27	981	Restaurant	West Stevenport	Non-Vegetarian	Lunch
599	Fruits	19	2025-03-30	232	Supermarket	Muellermouth	Vegetarian	Lunch
600	Rice	39	2025-03-24	505	Restaurant	Chelseaside	Non-Vegetarian	Snacks
601	Vegetables	9	2025-03-27	140	Restaurant	Watsonstad	Vegan	Snacks
602	Chicken	15	2025-03-25	913	Grocery Store	Erikatown	Non-Vegetarian	Breakfast
603	Rice	37	2025-03-28	858	Restaurant	Johnsonborough	Non-Vegetarian	Lunch
604	Pasta	47	2025-03-27	578	Catering Service	Port Carrie	Vegan	Breakfast
605	Vegetables	20	2025-03-23	429	Grocery Store	Lake Benjamin	Vegetarian	Dinner
606	Pasta	36	2025-03-22	932	Supermarket	New Ginaborough	Vegetarian	Dinner
607	Vegetables	23	2025-03-20	556	Catering Service	Brittanyland	Vegetarian	Dinner
608	Vegetables	27	2025-03-28	17	Catering Service	West Dawn	Non-Vegetarian	Dinner
609	Bread	38	2025-03-23	541	Catering Service	West Karen	Vegetarian	Breakfast
610	Pasta	13	2025-03-30	477	Supermarket	East Jacobchester	Non-Vegetarian	Breakfast
611	Vegetables	40	2025-03-30	993	Restaurant	East Stephanie	Vegetarian	Snacks
612	Vegetables	45	2025-03-17	874	Catering Service	Priceland	Non-Vegetarian	Lunch
613	Bread	42	2025-03-20	592	Restaurant	North Brendaborough	Vegetarian	Dinner
614	Salad	43	2025-03-16	146	Supermarket	Jonathanhaven	Vegan	Lunch
615	Salad	11	2025-03-23	104	Catering Service	Lake Theresa	Vegetarian	Breakfast
616	Fish	35	2025-03-20	735	Restaurant	Westmouth	Non-Vegetarian	Dinner
617	Soup	27	2025-03-18	507	Grocery Store	Lake Diane	Vegetarian	Lunch
618	Soup	9	2025-03-18	929	Catering Service	Lake Richardhaven	Non-Vegetarian	Dinner
619	Pasta	46	2025-03-29	725	Grocery Store	New Evanport	Vegan	Snacks
620	Chicken	7	2025-03-20	497	Catering Service	Chelseyfort	Vegetarian	Dinner
621	Soup	23	2025-03-21	979	Restaurant	West Hunter	Non-Vegetarian	Lunch
622	Fish	17	2025-03-24	857	Supermarket	Jordanborough	Vegan	Snacks
623	Salad	38	2025-03-29	37	Catering Service	New Amanda	Vegetarian	Breakfast
624	Fish	10	2025-03-16	475	Catering Service	Bentonfurt	Non-Vegetarian	Breakfast
625	Rice	7	2025-03-22	632	Supermarket	Davidville	Vegan	Breakfast
626	Salad	37	2025-03-29	274	Supermarket	New Dawnborough	Non-Vegetarian	Breakfast
627	Vegetables	26	2025-03-17	890	Restaurant	Pereztown	Non-Vegetarian	Breakfast
628	Fish	5	2025-03-16	758	Catering Service	Port Patrick	Non-Vegetarian	Snacks
629	Bread	33	2025-03-20	694	Supermarket	Amandashire	Vegan	Breakfast
630	Bread	39	2025-03-25	478	Catering Service	Lake Regina	Vegan	Snacks
631	Pasta	49	2025-03-30	232	Supermarket	Muellermouth	Non-Vegetarian	Dinner
632	Fruits	45	2025-03-25	850	Grocery Store	North Stevenbury	Vegan	Breakfast
633	Salad	19	2025-03-28	922	Restaurant	Lake Michael	Vegan	Snacks
634	Bread	40	2025-03-16	205	Grocery Store	Carlbury	Non-Vegetarian	Breakfast
635	Pasta	18	2025-03-26	251	Restaurant	East Terrancemouth	Vegetarian	Dinner
636	Fish	11	2025-03-25	687	Catering Service	North James	Non-Vegetarian	Lunch
637	Chicken	49	2025-03-30	873	Catering Service	East Sonyaport	Non-Vegetarian	Lunch
638	Rice	12	2025-03-21	421	Supermarket	Kylehaven	Non-Vegetarian	Dinner
639	Salad	5	2025-03-20	60	Restaurant	Wilsonport	Non-Vegetarian	Lunch
640	Pasta	2	2025-03-17	422	Catering Service	Smithfort	Non-Vegetarian	Breakfast
641	Bread	9	2025-03-30	692	Supermarket	South Andrewport	Vegan	Snacks
642	Chicken	38	2025-03-29	365	Restaurant	West Robert	Non-Vegetarian	Dinner
643	Salad	8	2025-03-23	240	Catering Service	Andreaborough	Vegan	Dinner
644	Bread	21	2025-03-18	42	Grocery Store	East Nicholasbury	Non-Vegetarian	Snacks
645	Soup	34	2025-03-21	643	Supermarket	North Ebony	Vegetarian	Breakfast
646	Fruits	44	2025-03-17	417	Restaurant	East Ashleyshire	Vegetarian	Breakfast
647	Rice	1	2025-03-18	184	Grocery Store	Velazquezview	Vegan	Snacks
648	Rice	42	2025-03-23	904	Grocery Store	West Miaside	Non-Vegetarian	Breakfast
649	Dairy	8	2025-03-30	806	Supermarket	West Samuelfurt	Vegetarian	Lunch
650	Soup	40	2025-03-16	288	Supermarket	Maynardstad	Non-Vegetarian	Breakfast
651	Pasta	36	2025-03-16	72	Catering Service	Jasonstad	Non-Vegetarian	Snacks
652	Fruits	44	2025-03-23	634	Supermarket	Colemanton	Non-Vegetarian	Dinner
653	Soup	50	2025-03-25	573	Supermarket	New Thomasmouth	Non-Vegetarian	Breakfast
654	Bread	2	2025-03-26	765	Grocery Store	South Douglashaven	Vegetarian	Dinner
655	Salad	46	2025-03-27	491	Supermarket	Samanthabury	Non-Vegetarian	Snacks
656	Bread	26	2025-03-25	432	Restaurant	Carolchester	Vegetarian	Dinner
657	Rice	14	2025-03-28	239	Grocery Store	South Bradleyburgh	Vegan	Lunch
658	Vegetables	4	2025-03-26	769	Catering Service	Carrport	Non-Vegetarian	Dinner
659	Salad	4	2025-03-27	707	Supermarket	Laurietown	Non-Vegetarian	Dinner
660	Salad	42	2025-03-17	138	Grocery Store	North Sherrimouth	Vegetarian	Snacks
661	Bread	12	2025-03-25	906	Supermarket	West Kevin	Vegan	Dinner
662	Soup	47	2025-03-30	498	Grocery Store	East Craig	Vegan	Snacks
663	Dairy	42	2025-03-24	315	Restaurant	Lake Andrewmouth	Vegan	Snacks
664	Bread	34	2025-03-20	327	Restaurant	Villaborough	Non-Vegetarian	Breakfast
665	Pasta	7	2025-03-18	142	Catering Service	Mitchellmouth	Vegan	Dinner
666	Vegetables	47	2025-03-21	835	Catering Service	Thorntonbury	Non-Vegetarian	Dinner
667	Soup	30	2025-03-21	961	Restaurant	New Amanda	Vegetarian	Lunch
668	Salad	48	2025-03-20	357	Supermarket	Donnaborough	Non-Vegetarian	Snacks
669	Vegetables	14	2025-03-27	164	Grocery Store	Sylviabury	Vegetarian	Dinner
670	Salad	37	2025-03-24	289	Supermarket	Toddstad	Non-Vegetarian	Snacks
671	Salad	49	2025-03-24	498	Grocery Store	East Craig	Vegetarian	Breakfast
672	Bread	2	2025-03-24	555	Grocery Store	South Brenda	Vegetarian	Snacks
673	Rice	28	2025-03-20	677	Grocery Store	Williamsmouth	Vegan	Lunch
674	Vegetables	34	2025-03-17	518	Grocery Store	Anneville	Vegetarian	Lunch
675	Soup	25	2025-03-26	117	Restaurant	Amberton	Vegan	Dinner
676	Soup	15	2025-03-23	577	Catering Service	Lake Donna	Non-Vegetarian	Dinner
677	Dairy	43	2025-03-16	672	Catering Service	North Mariahchester	Vegan	Breakfast
678	Pasta	8	2025-03-24	177	Supermarket	South Nicholasville	Vegetarian	Snacks
679	Bread	24	2025-03-24	698	Grocery Store	Phillipsmouth	Non-Vegetarian	Snacks
680	Dairy	47	2025-03-23	499	Catering Service	Jonathanstad	Non-Vegetarian	Snacks
681	Bread	28	2025-03-27	616	Restaurant	Clarkberg	Non-Vegetarian	Breakfast
682	Pasta	30	2025-03-25	87	Grocery Store	West Adam	Vegetarian	Snacks
683	Soup	28	2025-03-18	726	Supermarket	Shortfurt	Vegetarian	Dinner
684	Rice	39	2025-03-29	221	Supermarket	Walterborough	Vegetarian	Snacks
685	Rice	39	2025-03-18	332	Restaurant	West Whitneymouth	Vegetarian	Dinner
686	Salad	15	2025-03-28	707	Supermarket	Laurietown	Vegetarian	Dinner
687	Pasta	5	2025-03-29	326	Supermarket	Lake Alicia	Vegan	Lunch
688	Salad	6	2025-03-22	536	Restaurant	South Donald	Vegan	Snacks
689	Pasta	34	2025-03-21	350	Restaurant	Port Dustin	Vegetarian	Breakfast
690	Fruits	43	2025-03-16	779	Supermarket	New Bobbytown	Vegetarian	Breakfast
691	Rice	21	2025-03-28	65	Grocery Store	Lake Raymondton	Vegan	Dinner
692	Bread	8	2025-03-17	332	Restaurant	West Whitneymouth	Non-Vegetarian	Dinner
693	Chicken	6	2025-03-24	563	Grocery Store	East Angela	Vegetarian	Dinner
694	Bread	50	2025-03-22	995	Supermarket	Manningshire	Vegetarian	Dinner
695	Fruits	17	2025-03-23	176	Restaurant	East John	Vegetarian	Breakfast
696	Rice	26	2025-03-24	752	Grocery Store	East Heatherport	Non-Vegetarian	Snacks
697	Chicken	42	2025-03-21	817	Restaurant	Walterton	Vegan	Breakfast
698	Rice	16	2025-03-22	872	Supermarket	Ramosville	Non-Vegetarian	Lunch
699	Salad	32	2025-03-16	777	Catering Service	Wilsonview	Non-Vegetarian	Dinner
700	Dairy	10	2025-03-17	840	Restaurant	Cisnerostown	Vegan	Breakfast
701	Salad	33	2025-03-19	192	Catering Service	Leslieville	Vegetarian	Lunch
702	Bread	6	2025-03-25	806	Supermarket	West Samuelfurt	Vegan	Snacks
703	Salad	35	2025-03-29	784	Restaurant	Gibsonfort	Vegetarian	Breakfast
704	Chicken	43	2025-03-27	518	Grocery Store	Anneville	Non-Vegetarian	Lunch
705	Fruits	39	2025-03-30	199	Catering Service	Christinamouth	Non-Vegetarian	Breakfast
706	Dairy	45	2025-03-22	224	Restaurant	East Lindsayville	Non-Vegetarian	Dinner
707	Soup	29	2025-03-22	625	Grocery Store	East Lisa	Vegetarian	Dinner
708	Rice	17	2025-03-22	800	Catering Service	East Amyfurt	Vegan	Lunch
709	Chicken	15	2025-03-20	127	Restaurant	Jasonland	Vegetarian	Breakfast
710	Chicken	41	2025-03-22	970	Catering Service	Jeffreybury	Non-Vegetarian	Lunch
711	Pasta	25	2025-03-17	632	Supermarket	Davidville	Vegan	Breakfast
712	Pasta	31	2025-03-18	263	Grocery Store	Chambersfort	Non-Vegetarian	Dinner
713	Fish	7	2025-03-26	108	Supermarket	East Austin	Vegan	Snacks
714	Pasta	5	2025-03-25	928	Catering Service	Zimmermanton	Vegetarian	Lunch
715	Soup	21	2025-03-23	46	Grocery Store	South Lisaberg	Non-Vegetarian	Breakfast
716	Dairy	29	2025-03-21	237	Supermarket	Frederickside	Vegetarian	Snacks
717	Salad	40	2025-03-16	108	Supermarket	East Austin	Non-Vegetarian	Breakfast
718	Vegetables	45	2025-03-28	801	Catering Service	North Joseph	Non-Vegetarian	Dinner
719	Pasta	44	2025-03-20	701	Restaurant	Browntown	Vegan	Snacks
720	Dairy	1	2025-03-27	849	Supermarket	South Christopherborough	Vegan	Snacks
721	Vegetables	20	2025-03-22	342	Catering Service	Matthewbury	Non-Vegetarian	Breakfast
722	Soup	43	2025-03-26	306	Catering Service	North Keith	Vegetarian	Dinner
723	Pasta	2	2025-03-25	762	Restaurant	West Lucasville	Vegetarian	Breakfast
724	Dairy	44	2025-03-18	459	Supermarket	Castilloport	Vegetarian	Lunch
725	Soup	47	2025-03-30	846	Supermarket	South Thomasville	Vegetarian	Breakfast
726	Soup	27	2025-03-22	719	Restaurant	East Cynthia	Vegetarian	Breakfast
727	Chicken	3	2025-03-18	285	Restaurant	West Corey	Vegetarian	Lunch
728	Dairy	28	2025-03-28	265	Catering Service	New Douglas	Vegetarian	Dinner
729	Rice	42	2025-03-30	253	Catering Service	Sharonton	Vegan	Lunch
730	Soup	15	2025-03-19	372	Restaurant	Lewisberg	Vegan	Lunch
731	Fruits	42	2025-03-30	324	Grocery Store	East Elizabeth	Vegetarian	Snacks
732	Soup	29	2025-03-18	734	Catering Service	Port Anita	Vegan	Dinner
733	Pasta	31	2025-03-26	736	Supermarket	East Anthony	Vegetarian	Snacks
734	Vegetables	5	2025-03-27	125	Supermarket	Lake April	Non-Vegetarian	Lunch
735	Fish	2	2025-03-19	459	Supermarket	Castilloport	Non-Vegetarian	Snacks
736	Fruits	33	2025-03-24	792	Catering Service	Mortonfort	Non-Vegetarian	Snacks
737	Fish	3	2025-03-16	930	Restaurant	Kellytown	Non-Vegetarian	Snacks
738	Fruits	5	2025-03-24	793	Grocery Store	West Brandon	Vegan	Snacks
739	Chicken	2	2025-03-28	186	Grocery Store	Evansmouth	Vegan	Breakfast
740	Salad	6	2025-03-24	964	Catering Service	Connieside	Vegetarian	Lunch
741	Fish	21	2025-03-16	776	Supermarket	Williamview	Vegan	Breakfast
742	Dairy	3	2025-03-30	483	Catering Service	Millerview	Vegetarian	Breakfast
743	Chicken	46	2025-03-29	308	Catering Service	Brittanyside	Vegan	Breakfast
744	Fish	13	2025-03-17	456	Grocery Store	North Katelyn	Non-Vegetarian	Snacks
745	Fruits	34	2025-03-18	961	Restaurant	New Amanda	Vegan	Breakfast
746	Bread	31	2025-03-30	293	Catering Service	Joneshaven	Non-Vegetarian	Lunch
747	Dairy	39	2025-03-19	238	Grocery Store	North Julieburgh	Vegan	Lunch
748	Soup	17	2025-03-24	472	Restaurant	Rebeccaburgh	Vegetarian	Breakfast
749	Salad	32	2025-03-27	140	Restaurant	Watsonstad	Non-Vegetarian	Lunch
750	Bread	17	2025-03-25	613	Grocery Store	Petersonburgh	Non-Vegetarian	Breakfast
751	Chicken	18	2025-03-25	720	Restaurant	Francisshire	Vegan	Snacks
752	Soup	12	2025-03-17	460	Grocery Store	Lake Justin	Vegan	Breakfast
753	Fruits	19	2025-03-24	182	Grocery Store	Port Jeffrey	Vegetarian	Breakfast
754	Dairy	37	2025-03-30	986	Supermarket	Port David	Non-Vegetarian	Dinner
755	Soup	4	2025-03-17	195	Supermarket	Justinhaven	Vegetarian	Dinner
756	Bread	5	2025-03-19	887	Supermarket	Strongmouth	Vegan	Snacks
757	Dairy	42	2025-03-21	282	Supermarket	Port Gregton	Vegetarian	Dinner
758	Rice	4	2025-03-26	989	Grocery Store	North Lauren	Non-Vegetarian	Dinner
759	Chicken	36	2025-03-18	779	Supermarket	New Bobbytown	Non-Vegetarian	Snacks
760	Dairy	28	2025-03-26	710	Catering Service	Mikaylachester	Non-Vegetarian	Dinner
761	Dairy	46	2025-03-24	217	Supermarket	Mooremouth	Vegetarian	Snacks
762	Soup	4	2025-03-23	76	Restaurant	Port Amandamouth	Vegetarian	Snacks
763	Fish	33	2025-03-17	846	Supermarket	South Thomasville	Vegan	Snacks
764	Vegetables	21	2025-03-19	9	Supermarket	Tinamouth	Vegetarian	Breakfast
765	Soup	1	2025-03-28	161	Supermarket	Perezport	Vegan	Lunch
766	Chicken	17	2025-03-24	463	Grocery Store	East Edwinburgh	Vegetarian	Breakfast
767	Salad	17	2025-03-27	952	Grocery Store	Samueltown	Vegan	Dinner
768	Soup	39	2025-03-28	200	Supermarket	Bradleyport	Non-Vegetarian	Snacks
769	Chicken	27	2025-03-25	483	Catering Service	Millerview	Vegetarian	Lunch
770	Dairy	30	2025-03-30	770	Supermarket	East Melissa	Non-Vegetarian	Lunch
771	Chicken	9	2025-03-23	551	Restaurant	East Sandratown	Vegetarian	Dinner
772	Salad	37	2025-03-23	609	Restaurant	South Christopherborough	Vegan	Lunch
773	Fish	40	2025-03-20	509	Grocery Store	Cordovaborough	Vegetarian	Dinner
774	Dairy	2	2025-03-16	788	Supermarket	New Michaelmouth	Vegan	Breakfast
775	Pasta	7	2025-03-17	204	Supermarket	Lake Lauraton	Vegetarian	Dinner
776	Chicken	33	2025-03-24	249	Catering Service	Johnsonside	Vegetarian	Dinner
777	Fruits	5	2025-03-18	709	Restaurant	South Kathryn	Vegetarian	Dinner
778	Dairy	7	2025-03-21	57	Grocery Store	Port Robin	Non-Vegetarian	Snacks
779	Bread	43	2025-03-27	74	Catering Service	Belindaville	Vegan	Lunch
780	Dairy	48	2025-03-17	162	Restaurant	Penabury	Vegan	Snacks
781	Bread	45	2025-03-23	33	Restaurant	Janetborough	Vegan	Snacks
782	Rice	49	2025-03-28	566	Catering Service	New Rachel	Non-Vegetarian	Snacks
783	Rice	4	2025-03-20	455	Catering Service	Madisonfort	Vegetarian	Snacks
784	Bread	1	2025-03-26	335	Grocery Store	North Gary	Non-Vegetarian	Dinner
785	Bread	10	2025-03-16	678	Grocery Store	Lake Travis	Non-Vegetarian	Lunch
786	Rice	4	2025-03-30	959	Grocery Store	North Victoriastad	Vegetarian	Dinner
787	Fish	48	2025-03-24	355	Restaurant	Port Patrick	Vegetarian	Dinner
788	Fish	26	2025-03-30	34	Grocery Store	North Garybury	Vegan	Dinner
789	Chicken	10	2025-03-26	673	Restaurant	New Connorfort	Vegan	Snacks
790	Chicken	2	2025-03-21	332	Restaurant	West Whitneymouth	Vegan	Dinner
791	Soup	23	2025-03-29	152	Catering Service	South Jacobport	Vegetarian	Breakfast
792	Chicken	15	2025-03-17	308	Catering Service	Brittanyside	Vegan	Breakfast
793	Fruits	5	2025-03-24	824	Supermarket	Lopezport	Vegan	Snacks
794	Fruits	21	2025-03-27	380	Restaurant	Lake Christophermouth	Vegan	Snacks
795	Dairy	3	2025-03-19	911	Restaurant	Garciatown	Non-Vegetarian	Dinner
796	Pasta	8	2025-03-27	798	Grocery Store	North Amanda	Vegetarian	Lunch
797	Dairy	40	2025-03-27	467	Catering Service	Phillipsfort	Vegan	Breakfast
798	Fish	3	2025-03-30	413	Catering Service	North Mike	Vegetarian	Lunch
799	Chicken	5	2025-03-17	764	Restaurant	New Travisshire	Vegetarian	Breakfast
800	Dairy	15	2025-03-20	193	Restaurant	North Lisaland	Vegan	Lunch
801	Chicken	50	2025-03-18	609	Restaurant	South Christopherborough	Vegan	Lunch
802	Soup	25	2025-03-22	62	Grocery Store	Marymouth	Non-Vegetarian	Dinner
803	Chicken	13	2025-03-27	714	Catering Service	North William	Vegan	Snacks
804	Fruits	47	2025-03-27	16	Catering Service	West Vanessafort	Vegan	Breakfast
805	Chicken	1	2025-03-22	235	Catering Service	Gutierrezshire	Non-Vegetarian	Dinner
806	Soup	12	2025-03-27	388	Supermarket	Manuelhaven	Vegetarian	Dinner
807	Salad	35	2025-03-19	474	Catering Service	South Nicole	Vegetarian	Dinner
808	Dairy	7	2025-03-23	868	Grocery Store	Rodriguezview	Vegetarian	Dinner
809	Dairy	48	2025-03-29	292	Supermarket	Mooneybury	Vegan	Breakfast
810	Bread	34	2025-03-16	993	Restaurant	East Stephanie	Vegan	Snacks
811	Salad	19	2025-03-27	513	Catering Service	West Larry	Non-Vegetarian	Dinner
812	Bread	49	2025-03-19	471	Grocery Store	Charlesmouth	Non-Vegetarian	Lunch
813	Fish	33	2025-03-23	610	Supermarket	Allenton	Vegetarian	Breakfast
814	Bread	18	2025-03-17	287	Catering Service	Jefferyside	Vegan	Snacks
815	Pasta	50	2025-03-22	157	Restaurant	Bairdfort	Vegan	Snacks
816	Fruits	2	2025-03-17	965	Restaurant	Port Bryce	Vegetarian	Lunch
817	Rice	23	2025-03-28	363	Catering Service	East Brittanyland	Vegetarian	Snacks
818	Fish	50	2025-03-29	248	Restaurant	South Michellechester	Vegetarian	Dinner
819	Bread	35	2025-03-28	304	Catering Service	Port Marcland	Non-Vegetarian	Breakfast
820	Fruits	46	2025-03-27	753	Supermarket	South Randy	Non-Vegetarian	Lunch
821	Chicken	9	2025-03-24	167	Catering Service	Davidport	Non-Vegetarian	Lunch
822	Dairy	27	2025-03-25	237	Supermarket	Frederickside	Vegan	Lunch
823	Chicken	27	2025-03-21	587	Restaurant	Lake George	Vegan	Lunch
824	Bread	12	2025-03-27	993	Restaurant	East Stephanie	Vegetarian	Dinner
825	Salad	25	2025-03-25	995	Supermarket	Manningshire	Vegetarian	Breakfast
826	Bread	39	2025-03-17	50	Catering Service	West Danielborough	Vegan	Snacks
827	Salad	3	2025-03-23	907	Supermarket	South Marthahaven	Vegan	Snacks
828	Vegetables	21	2025-03-24	636	Grocery Store	West Omarside	Non-Vegetarian	Breakfast
829	Dairy	44	2025-03-18	262	Supermarket	New Carol	Vegan	Dinner
830	Vegetables	3	2025-03-25	847	Supermarket	Williamsonmouth	Vegetarian	Snacks
831	Pasta	24	2025-03-22	330	Restaurant	Jamesport	Non-Vegetarian	Breakfast
832	Fish	19	2025-03-16	752	Grocery Store	East Heatherport	Non-Vegetarian	Breakfast
833	Fruits	44	2025-03-17	146	Supermarket	Jonathanhaven	Non-Vegetarian	Dinner
834	Pasta	43	2025-03-18	531	Catering Service	North Kylestad	Vegetarian	Dinner
835	Vegetables	17	2025-03-29	752	Grocery Store	East Heatherport	Vegetarian	Lunch
836	Salad	49	2025-03-16	685	Supermarket	Maysside	Vegan	Breakfast
837	Soup	50	2025-03-24	642	Catering Service	Lesterstad	Vegan	Snacks
838	Bread	38	2025-03-29	770	Supermarket	East Melissa	Vegetarian	Lunch
839	Chicken	6	2025-03-17	72	Catering Service	Jasonstad	Vegan	Lunch
840	Dairy	43	2025-03-16	548	Supermarket	Lisamouth	Vegan	Snacks
841	Chicken	15	2025-03-25	532	Grocery Store	Darrylchester	Vegan	Lunch
842	Bread	40	2025-03-21	205	Grocery Store	Carlbury	Vegan	Breakfast
843	Fruits	46	2025-03-24	515	Restaurant	Snyderton	Vegetarian	Dinner
844	Fish	46	2025-03-29	495	Supermarket	Brownshire	Non-Vegetarian	Dinner
845	Bread	14	2025-03-20	718	Restaurant	Port Victoria	Non-Vegetarian	Dinner
846	Salad	34	2025-03-19	894	Restaurant	Cannonside	Vegan	Snacks
847	Pasta	29	2025-03-21	887	Supermarket	Strongmouth	Vegan	Dinner
848	Dairy	32	2025-03-25	426	Catering Service	Taylorchester	Non-Vegetarian	Dinner
849	Pasta	29	2025-03-21	563	Grocery Store	East Angela	Vegan	Breakfast
850	Dairy	22	2025-03-26	67	Restaurant	Kentland	Vegan	Breakfast
851	Fruits	35	2025-03-18	516	Catering Service	New Aaronberg	Non-Vegetarian	Snacks
852	Vegetables	49	2025-03-20	363	Catering Service	East Brittanyland	Non-Vegetarian	Snacks
853	Rice	18	2025-03-27	841	Restaurant	Lake Tamara	Vegan	Snacks
854	Fish	33	2025-03-22	804	Restaurant	North Ashley	Vegan	Breakfast
855	Salad	28	2025-03-25	596	Restaurant	Zimmermanville	Vegetarian	Lunch
856	Rice	44	2025-03-23	501	Grocery Store	Jordanhaven	Vegetarian	Snacks
857	Pasta	47	2025-03-17	97	Supermarket	Reyesshire	Vegetarian	Dinner
858	Fruits	13	2025-03-22	413	Catering Service	North Mike	Non-Vegetarian	Snacks
859	Pasta	1	2025-03-26	319	Restaurant	Lake Amymouth	Non-Vegetarian	Breakfast
860	Fish	37	2025-03-17	934	Grocery Store	Steveport	Vegetarian	Lunch
861	Dairy	45	2025-03-26	937	Restaurant	Roachhaven	Non-Vegetarian	Dinner
862	Dairy	4	2025-03-19	237	Supermarket	Frederickside	Non-Vegetarian	Lunch
863	Fruits	30	2025-03-20	57	Grocery Store	Port Robin	Vegan	Breakfast
864	Soup	11	2025-03-28	741	Catering Service	West Anthonymouth	Vegetarian	Snacks
865	Fish	25	2025-03-20	837	Supermarket	South Charles	Non-Vegetarian	Snacks
866	Fish	7	2025-03-29	169	Grocery Store	Lindseyland	Vegetarian	Dinner
867	Soup	1	2025-03-21	870	Supermarket	New Hollyfurt	Vegetarian	Snacks
868	Soup	4	2025-03-22	504	Catering Service	Gaineschester	Non-Vegetarian	Snacks
869	Fish	27	2025-03-20	40	Restaurant	Jennifertown	Vegan	Snacks
870	Fish	3	2025-03-30	653	Catering Service	Cameronside	Vegetarian	Breakfast
871	Chicken	7	2025-03-16	875	Grocery Store	South William	Non-Vegetarian	Lunch
872	Vegetables	50	2025-03-29	717	Catering Service	Pamelaberg	Vegetarian	Snacks
873	Rice	49	2025-03-29	712	Restaurant	Huberstad	Vegan	Lunch
874	Bread	45	2025-03-17	655	Restaurant	Jimmyberg	Non-Vegetarian	Snacks
875	Bread	19	2025-03-29	721	Catering Service	Port Staceymouth	Non-Vegetarian	Breakfast
876	Salad	38	2025-03-20	78	Restaurant	North Susan	Vegan	Snacks
877	Chicken	8	2025-03-20	374	Grocery Store	Steeleport	Non-Vegetarian	Lunch
878	Rice	23	2025-03-29	17	Catering Service	West Dawn	Non-Vegetarian	Snacks
879	Chicken	21	2025-03-25	778	Catering Service	Edwardsbury	Non-Vegetarian	Dinner
880	Soup	35	2025-03-25	954	Catering Service	Randallchester	Vegetarian	Lunch
881	Dairy	43	2025-03-17	655	Restaurant	Jimmyberg	Vegetarian	Lunch
882	Salad	43	2025-03-23	138	Grocery Store	North Sherrimouth	Vegan	Lunch
883	Bread	8	2025-03-23	857	Supermarket	Jordanborough	Vegetarian	Lunch
884	Chicken	27	2025-03-28	371	Grocery Store	Solisburgh	Vegetarian	Lunch
885	Rice	44	2025-03-22	503	Restaurant	Joseville	Vegan	Lunch
886	Bread	48	2025-03-20	423	Restaurant	South Justinborough	Vegetarian	Breakfast
887	Soup	12	2025-03-21	825	Supermarket	South Bryan	Vegetarian	Lunch
888	Salad	6	2025-03-25	50	Catering Service	West Danielborough	Non-Vegetarian	Snacks
889	Soup	21	2025-03-16	266	Grocery Store	Port Ronaldshire	Vegan	Snacks
890	Chicken	40	2025-03-28	41	Catering Service	Bentleyburgh	Vegan	Lunch
891	Chicken	9	2025-03-18	539	Restaurant	Watsonton	Vegetarian	Lunch
892	Bread	42	2025-03-19	405	Supermarket	Kevinfort	Vegetarian	Dinner
893	Salad	3	2025-03-28	46	Grocery Store	South Lisaberg	Vegan	Lunch
894	Pasta	43	2025-03-25	310	Grocery Store	Saraburgh	Vegetarian	Dinner
895	Pasta	38	2025-03-29	888	Supermarket	West Sharonview	Vegan	Snacks
896	Vegetables	32	2025-03-18	547	Restaurant	Batesstad	Vegetarian	Snacks
897	Chicken	5	2025-03-20	638	Restaurant	Jeffreyport	Non-Vegetarian	Lunch
898	Fish	28	2025-03-27	87	Grocery Store	West Adam	Non-Vegetarian	Breakfast
899	Pasta	44	2025-03-29	5	Grocery Store	Valentineside	Vegetarian	Snacks
900	Dairy	31	2025-03-29	732	Supermarket	Ginaview	Non-Vegetarian	Breakfast
901	Vegetables	38	2025-03-26	183	Grocery Store	South Anne	Vegetarian	Dinner
902	Salad	34	2025-03-30	347	Supermarket	Louismouth	Vegan	Snacks
903	Rice	25	2025-03-30	452	Supermarket	New Erica	Vegetarian	Breakfast
904	Chicken	40	2025-03-22	709	Restaurant	South Kathryn	Vegetarian	Breakfast
905	Bread	37	2025-03-25	2	Grocery Store	East Sheena	Vegan	Dinner
906	Soup	17	2025-03-30	191	Grocery Store	Lake Jessicamouth	Vegan	Snacks
907	Chicken	17	2025-03-16	175	Catering Service	Katherinefurt	Vegan	Lunch
908	Rice	16	2025-03-27	463	Grocery Store	East Edwinburgh	Non-Vegetarian	Snacks
909	Fish	10	2025-03-28	831	Catering Service	Lewishaven	Vegan	Snacks
910	Salad	37	2025-03-19	533	Catering Service	Rogersmouth	Vegetarian	Breakfast
911	Fish	5	2025-03-21	124	Supermarket	Lake Shelby	Vegetarian	Dinner
912	Dairy	6	2025-03-28	334	Grocery Store	South Jillshire	Non-Vegetarian	Breakfast
913	Fruits	39	2025-03-22	962	Catering Service	Alexanderchester	Vegetarian	Dinner
914	Chicken	18	2025-03-27	995	Supermarket	Manningshire	Vegan	Dinner
915	Vegetables	35	2025-03-22	198	Restaurant	Port Karen	Non-Vegetarian	Snacks
916	Rice	47	2025-03-16	920	Restaurant	New Calebberg	Non-Vegetarian	Snacks
917	Soup	15	2025-03-28	393	Restaurant	Heatherview	Vegan	Dinner
918	Dairy	8	2025-03-29	583	Catering Service	Marcstad	Vegetarian	Breakfast
919	Soup	35	2025-03-26	52	Supermarket	Port Dianaberg	Non-Vegetarian	Dinner
920	Soup	2	2025-03-19	691	Restaurant	Youngchester	Vegetarian	Snacks
921	Chicken	6	2025-03-26	59	Grocery Store	Marissaville	Vegetarian	Snacks
922	Soup	32	2025-03-22	312	Restaurant	North Ianbury	Non-Vegetarian	Dinner
923	Fruits	42	2025-03-24	161	Supermarket	Perezport	Vegan	Snacks
924	Fish	3	2025-03-20	764	Restaurant	New Travisshire	Vegetarian	Dinner
925	Salad	12	2025-03-26	665	Catering Service	West Billborough	Non-Vegetarian	Lunch
926	Rice	41	2025-03-16	240	Catering Service	Andreaborough	Vegetarian	Snacks
927	Fruits	39	2025-03-26	261	Grocery Store	South Richardhaven	Vegetarian	Snacks
928	Bread	20	2025-03-20	852	Grocery Store	East Shanestad	Vegetarian	Breakfast
929	Bread	23	2025-03-26	181	Restaurant	Taylormouth	Vegan	Lunch
930	Chicken	33	2025-03-18	983	Grocery Store	Herbertbury	Vegan	Lunch
931	Vegetables	49	2025-03-23	139	Supermarket	Port Connie	Vegan	Snacks
932	Pasta	11	2025-03-18	857	Supermarket	Jordanborough	Vegetarian	Dinner
933	Dairy	17	2025-03-30	478	Catering Service	Lake Regina	Non-Vegetarian	Lunch
934	Salad	50	2025-03-29	951	Grocery Store	Spenceland	Vegan	Breakfast
935	Vegetables	24	2025-03-25	608	Grocery Store	Collinsmouth	Vegetarian	Dinner
936	Chicken	32	2025-03-30	381	Supermarket	Martinville	Non-Vegetarian	Breakfast
937	Bread	18	2025-03-27	916	Catering Service	Patrickfort	Non-Vegetarian	Lunch
938	Vegetables	7	2025-03-22	162	Restaurant	Penabury	Vegan	Breakfast
939	Rice	45	2025-03-18	983	Grocery Store	Herbertbury	Non-Vegetarian	Dinner
940	Fish	36	2025-03-27	890	Restaurant	Pereztown	Vegan	Lunch
941	Fish	1	2025-03-16	745	Grocery Store	East Lisa	Vegan	Lunch
942	Rice	44	2025-03-30	591	Grocery Store	New Leslieport	Vegan	Dinner
943	Bread	13	2025-03-19	413	Catering Service	North Mike	Vegan	Lunch
944	Vegetables	41	2025-03-17	807	Supermarket	Williamland	Vegan	Breakfast
945	Vegetables	16	2025-03-21	351	Grocery Store	South Stefanietown	Vegetarian	Breakfast
946	Vegetables	29	2025-03-26	146	Supermarket	Jonathanhaven	Vegan	Breakfast
947	Bread	29	2025-03-19	176	Restaurant	East John	Vegetarian	Breakfast
948	Fruits	50	2025-03-29	421	Supermarket	Kylehaven	Vegan	Breakfast
949	Pasta	15	2025-03-20	632	Supermarket	Davidville	Vegetarian	Breakfast
950	Pasta	3	2025-03-27	619	Grocery Store	North Katelynland	Vegetarian	Snacks
951	Vegetables	20	2025-03-16	118	Supermarket	Lake Joseph	Vegan	Lunch
952	Pasta	32	2025-03-28	82	Supermarket	West Lauraborough	Vegan	Dinner
953	Soup	2	2025-03-29	731	Grocery Store	East Christophertown	Vegetarian	Breakfast
954	Rice	36	2025-03-25	780	Catering Service	North Caitlin	Vegan	Lunch
955	Soup	26	2025-03-26	276	Supermarket	Port Eric	Non-Vegetarian	Snacks
956	Chicken	39	2025-03-30	626	Supermarket	Heathermouth	Vegan	Snacks
957	Fish	39	2025-03-22	10	Catering Service	West Cherylfort	Vegan	Lunch
958	Soup	19	2025-03-20	794	Supermarket	Woodport	Vegetarian	Lunch
959	Pasta	26	2025-03-18	758	Catering Service	Port Patrick	Vegan	Breakfast
960	Fish	46	2025-03-27	920	Restaurant	New Calebberg	Vegetarian	Snacks
961	Soup	22	2025-03-25	66	Restaurant	Lake Michaelfurt	Non-Vegetarian	Lunch
962	Soup	13	2025-03-28	62	Grocery Store	Marymouth	Vegetarian	Breakfast
963	Fish	33	2025-03-16	827	Grocery Store	East Kimberly	Vegan	Dinner
964	Rice	46	2025-03-25	192	Catering Service	Leslieville	Vegan	Dinner
965	Dairy	44	2025-03-24	791	Grocery Store	West James	Vegetarian	Lunch
966	Dairy	41	2025-03-25	705	Grocery Store	East Robert	Vegan	Snacks
967	Fruits	34	2025-03-16	357	Supermarket	Donnaborough	Vegan	Snacks
968	Rice	45	2025-03-17	789	Grocery Store	Lake Maria	Non-Vegetarian	Lunch
969	Soup	50	2025-03-21	208	Restaurant	East Garyton	Non-Vegetarian	Lunch
970	Fruits	26	2025-03-20	62	Grocery Store	Marymouth	Vegetarian	Breakfast
971	Fish	7	2025-03-18	751	Restaurant	East Richardside	Vegetarian	Snacks
972	Vegetables	21	2025-03-23	984	Catering Service	South Edwardtown	Vegetarian	Dinner
973	Fruits	7	2025-03-16	519	Restaurant	Keithburgh	Non-Vegetarian	Breakfast
974	Chicken	45	2025-03-17	393	Restaurant	Heatherview	Non-Vegetarian	Lunch
975	Fish	48	2025-03-19	5	Grocery Store	Valentineside	Non-Vegetarian	Lunch
976	Vegetables	41	2025-03-19	738	Grocery Store	West Kelli	Non-Vegetarian	Lunch
977	Vegetables	12	2025-03-19	514	Supermarket	Maxwellburgh	Vegan	Dinner
978	Dairy	14	2025-03-27	743	Supermarket	South Richard	Vegetarian	Snacks
979	Pasta	43	2025-03-16	584	Supermarket	Moralesside	Vegetarian	Lunch
980	Chicken	2	2025-03-27	876	Grocery Store	Brookeland	Vegan	Dinner
981	Dairy	47	2025-03-18	999	Grocery Store	Stevenchester	Vegan	Breakfast
982	Soup	36	2025-03-19	7	Restaurant	Lake Christopherburgh	Vegetarian	Breakfast
983	Fruits	43	2025-03-22	98	Supermarket	Gardnerfort	Vegetarian	Lunch
984	Chicken	26	2025-03-23	234	Catering Service	New Joel	Non-Vegetarian	Dinner
985	Bread	31	2025-03-16	935	Grocery Store	Ramseyfort	Vegetarian	Dinner
986	Rice	23	2025-03-24	14	Catering Service	Garciamouth	Vegan	Snacks
987	Dairy	6	2025-03-29	557	Restaurant	East Aaron	Vegetarian	Dinner
988	Soup	44	2025-03-24	517	Grocery Store	Wadeville	Vegan	Lunch
989	Bread	31	2025-03-19	557	Restaurant	East Aaron	Non-Vegetarian	Snacks
990	Pasta	11	2025-03-25	720	Restaurant	Francisshire	Vegetarian	Breakfast
991	Vegetables	7	2025-03-19	432	Restaurant	Carolchester	Vegetarian	Dinner
992	Salad	25	2025-03-26	257	Supermarket	Lake Coryhaven	Vegan	Breakfast
993	Soup	8	2025-03-28	470	Restaurant	Port Daniellechester	Vegetarian	Lunch
994	Salad	17	2025-03-29	37	Catering Service	New Amanda	Non-Vegetarian	Snacks
995	Rice	37	2025-03-23	868	Grocery Store	Rodriguezview	Vegan	Snacks
996	Fish	15	2025-03-30	467	Catering Service	Phillipsfort	Vegan	Breakfast
997	Fish	22	2025-03-18	35	Grocery Store	Andersonmouth	Vegetarian	Breakfast
998	Fruits	6	2025-03-22	444	Restaurant	New Billy	Non-Vegetarian	Dinner
999	Pasta	15	2025-03-30	702	Supermarket	Lake Mistyton	Non-Vegetarian	Lunch
1000	Salad	18	2025-03-19	155	Supermarket	Charlesview	Non-Vegetarian	Dinner
\.


--
-- Data for Name: providers; Type: TABLE DATA; Schema: public; Owner: postgres
--

COPY public.providers (provider_id, name, type, address, city, contact) FROM stdin;
1	Gonzales-Cochran	Supermarket	74347 Christopher Extensions\nAndreamouth, OK 91839	New Jessica	-1299
2	Nielsen, Johnson and Fuller	Grocery Store	91228 Hanson Stream\nWelchtown, OR 27136	East Sheena	+1-925-283-8901x6297
3	Miller-Black	Supermarket	561 Martinez Point Suite 507\nGuzmanchester, WA 94320	Lake Jesusview	001-517-295-2206
4	Clark, Prince and Williams	Grocery Store	467 Bell Trail Suite 409\nPort Jesus, IA 61188	Mendezmouth	556.944.8935x401
5	Coleman-Farley	Grocery Store	078 Matthew Creek Apt. 319\nSaraborough, MA 53978	Valentineside	193.714.6577
6	Lawson-Walters	Grocery Store	1889 Barnes Gateway\nAdamview, ID 87971	Shannonside	144-860-6074x60544
7	Ortiz-Lee	Restaurant	1842 Villarreal Shores\nWilliamfort, CT 44529	Lake Christopherburgh	(563)889-7190
8	Curtis-Lewis	Supermarket	4770 Miller Light Suite 260\nNew Charlesville, AR 97075	Washingtonville	+1-521-027-8120x3301
9	Nguyen Inc	Supermarket	169 Scott Keys Suite 000\nEast Michelle, HI 57025	Tinamouth	898-609-2609x844
10	Hall, Nguyen and Martinez	Catering Service	71458 Mark Field Apt. 252\nNorth Alexland, TX 02693	West Cherylfort	(740)949-2480x40566
11	Flores, Jackson and Ford	Supermarket	0663 Paul Field\nSouth Haileyshire, AL 19652	South Robert	276.527.4329
12	Miller Ltd	Supermarket	508 White Mission Apt. 893\nBryantborough, WV 79111	East Williamburgh	001-909-021-4559
13	Parker, Flores and Jennings	Restaurant	117 Jasmine Isle Apt. 604\nSouth Ryanville, MN 41933	Nicolefort	(516)626-8840
14	Nguyen-Tran	Catering Service	65833 Anthony Ridges\nWilliamsmouth, IA 42157	Garciamouth	+1-899-619-4557x62932
15	Valdez-Diaz	Grocery Store	03142 Jones Trail Suite 601\nWalkerton, AL 61502	West Theresaberg	(046)544-9977
16	Brown and Sons	Catering Service	1745 Chan Ridges\nGinaville, OK 07163	West Vanessafort	018-471-0550x16593
17	Miller Ltd	Catering Service	355 Rogers Ferry Suite 116\nEast Stevenburgh, MD 93961	West Dawn	(876)537-9861x93433
18	Edwards-Turner	Restaurant	277 Ashley Wall Suite 063\nKimberlyshire, SC 60998	Cassandraville	361.706.6889x42826
19	Davis Ltd	Supermarket	USCGC Taylor\nFPO AA 68109	South Melanieshire	117-624-9394x3533
20	Drake-Martinez	Catering Service	22920 Carpenter Turnpike Apt. 652\nNew Steven, AR 33177	East Samantha	001-454-212-3510x6135
21	Cross Group	Grocery Store	802 Daniel Highway\nLake Sabrinamouth, DE 52427	Port Corystad	(170)989-9040x1296
22	Miller-Carter	Catering Service	44329 Hendrix Land\nPort Christine, AL 43242	Port Lisamouth	-5657
23	Johnson Ltd	Supermarket	32366 Kathy Fall\nRodriguezton, NH 27984	Bradleyborough	916.509.1396x4499
24	Black, Collins and Richard	Supermarket	643 Galvan Burgs\nFletcherhaven, AZ 86988	Hestermouth	266.040.9664x08185
25	Gutierrez-Palmer	Grocery Store	019 Avila Station\nLake Dennisborough, AZ 84988	Anitashire	(155)292-7832x2085
26	Hansen Inc	Grocery Store	9402 Corey Avenue\nJamesland, AL 54220	West Adammouth	464-311-2342
27	Lester Inc	Supermarket	3187 Brittany Overpass Suite 160\nLake Elizabeth, CO 63236	New Natasha	001-037-031-5899x7076
28	Wright Ltd	Restaurant	69921 Sullivan Manor Apt. 996\nRussellport, ME 99724	Jessestad	850-175-4730
29	Andrews-Wiley	Grocery Store	37741 Edward Green Apt. 840\nWhiteport, WY 68558	Patrickmouth	+1-657-214-6013x08444
30	Rodriguez PLC	Catering Service	88798 Dustin Lane Suite 892\nPort Jessicaville, KY 16461	West Pamelaborough	(227)080-4918x858
31	Thompson-Kerr	Grocery Store	123 Barber Divide\nNew Stephanie, KY 35738	South Kellyberg	(786)641-7043
32	Lawrence PLC	Catering Service	35759 Baker Center\nEast Allisonville, WA 47206	Jameschester	+1-161-540-1127x4461
33	Miranda, Wilcox and Short	Restaurant	208 Williams Fields Suite 324\nNew Robert, MN 13700	Janetborough	711.136.4426
34	Cooper, Smith and King	Grocery Store	439 Barnes Courts Apt. 349\nSouth Gregory, MO 73315	North Garybury	+1-812-193-0704x61726
35	Nguyen-Parsons	Grocery Store	23683 Paul Groves Suite 174\nVegaville, IA 58578	Andersonmouth	(638)668-6852
36	Powell Inc	Restaurant	7278 Jesse Fall\nMitchellfort, SD 79576	Cindyshire	668-319-5716
37	Phelps-Schmidt	Catering Service	689 Riley Villages\nSouth Jose, LA 55827	New Amanda	001-048-886-1039
38	Lawrence LLC	Supermarket	USNS Decker\nFPO AE 46703	Perkinsbury	580-888-5964
39	Fernandez-Bridges	Supermarket	77717 Amanda Plains Apt. 231\nDanielberg, CA 13392	Brittanyville	001-714-175-0277x076
40	Robinson PLC	Restaurant	59437 Schneider Villages Suite 050\nSouth Derek, NM 07539	Jennifertown	925-882-9055
41	Kelly-Ware	Catering Service	482 Bush Island\nWrightburgh, MI 64397	Bentleyburgh	(033)969-7445x782
42	Austin-Yu	Grocery Store	482 Lisa Viaduct\nShirleyberg, IL 95427	East Nicholasbury	+1-392-878-0666x94428
43	Martinez, Johnson and Torres	Supermarket	66956 Carter Lakes Apt. 029\nNew Matthewview, OK 90573	South Karen	250.919.8579
44	Torres-Perez	Supermarket	9114 Becky Junctions\nHillhaven, WV 14750	Jamesville	(264)170-0478x03197
45	Butler, Kennedy and Cowan	Catering Service	Unit 7100 Box 9890\nDPO AP 52163	East Deniseborough	(704)033-6760x72290
46	Fisher, Hernandez and Webster	Grocery Store	8490 Valdez Ports Suite 007\nPort Jeremy, NV 85800	South Lisaberg	871-801-8397x99626
47	Wong-Reese	Supermarket	9078 Jeffrey Drive Suite 439\nLake Jasonberg, RI 48655	East Andrewland	483-625-4097
48	Conway-Barr	Restaurant	597 Contreras Roads\nSouth Hannah, RI 04553	Timothyview	+1-820-339-5162x911
49	Miller, Braun and Graham	Supermarket	USS Roberts\nFPO AE 04254	Lake Traceyburgh	001-704-201-5818x1702
50	Perez-Williams	Catering Service	956 Joseph Ford Apt. 098\nMoorestad, LA 74730	West Danielborough	(305)890-2191x91055
51	Shaw Inc	Restaurant	163 Kenneth Lake\nGentrystad, IN 23606	Rebeccabury	7059011779
52	Buck-Carey	Supermarket	3155 Strickland Lakes\nNelsonview, MN 90401	Port Dianaberg	+1-163-218-3619x58525
53	Wolfe and Sons	Supermarket	5146 Robbins Spring\nDanielshire, NY 94988	Lake Allen	001-187-914-3723x273
54	Bennett, Phillips and Green	Supermarket	Unit 0882 Box 8764\nDPO AE 00627	Lake Rachael	001-350-580-0382x854
55	Wilson-Brown	Grocery Store	220 Rachel Trace\nPort Mark, AK 17083	Danachester	001-473-163-6196x2386
56	Morris Ltd	Catering Service	03207 Paul Shoals\nThomasshire, AR 89205	Michaelview	654-751-2531x515
57	Cook Group	Grocery Store	6432 Guzman Estates\nLake Rebeccaborough, CA 35184	Port Robin	983-295-7995
116	Mcdaniel-Morales	Grocery Store	683 Damon Groves\nPort Michael, NE 84293	Moseshaven	001-702-836-3122
58	Martin, Tyler and Wilkerson	Grocery Store	334 Bishop Fort Suite 958\nPort Jorge, NM 10652	North Kevinhaven	+1-287-799-5933x17852
59	Warner, White and Morris	Grocery Store	92097 Simmons Cape\nArthurchester, AL 44273	Marissaville	001-947-280-2490
60	Parker-Campbell	Restaurant	USNS Williams\nFPO AE 15960	Wilsonport	(006)958-8829x497
61	Arnold, Russo and Foster	Supermarket	PSC 8521, Box 0417\nAPO AP 22766	Lake Joelshire	(717)564-9426x4690
62	Mitchell, Campbell and Jones	Grocery Store	760 Hall Dam\nJenniferstad, MI 28752	Marymouth	001-356-024-1560x512
63	Fuller, Vincent and Fernandez	Supermarket	Unit 8327 Box 2560\nDPO AP 34781	Mcclainfurt	(268)645-8829
64	Mullen LLC	Supermarket	373 Moody Manor\nJohnfurt, CT 63966	South Michaelhaven	001-134-811-5840x300
65	Fletcher Inc	Grocery Store	5294 William Underpass\nNorth Angelaborough, TN 26906	Lake Raymondton	-6960
66	Lambert-Wilson	Restaurant	2162 Johnson Field\nEast Caroline, AZ 13953	Lake Michaelfurt	+1-552-690-1512x083
67	Shannon Ltd	Restaurant	8692 Adam Passage\nDavidland, WI 15372	Kentland	401-441-2366x8513
68	Sherman-Wolfe	Supermarket	0312 Garcia Ferry\nPort Deannaberg, DC 72769	North Elizabeth	001-797-628-1681x740
69	Williams PLC	Grocery Store	Unit 6990 Box 6326\nDPO AA 08563	Cummingstown	001-683-268-4210x77233
70	Cook, Stanley and Wallace	Supermarket	1492 Thomas Route\nEast Hannah, HI 37830	Lake Kyle	001-416-322-9367
71	Jones-Edwards	Restaurant	861 Martinez Junctions\nSmithburgh, WA 68091	Ruizmouth	(077)105-8283
72	Ward, Shepherd and Krause	Catering Service	224 Burns Camp\nChristopherborough, VA 76601	Jasonstad	-6898
73	Walker-Richards	Grocery Store	082 Nancy Summit Apt. 187\nHurleychester, PA 09363	West Benjamin	-9162
74	Johnston Ltd	Catering Service	58406 Pamela Mission\nLeestad, OH 88592	Belindaville	5630753213
75	Douglas PLC	Supermarket	130 Lowe Cove Suite 161\nSouth John, LA 62264	Rodneystad	7650701698
76	Clark-Estes	Restaurant	1854 Michael Locks Suite 076\nShaneland, AZ 73210	Port Amandamouth	001-879-812-0126x19146
77	Golden-Phillips	Catering Service	25069 Ramirez Springs Suite 233\nWest Jamestown, IL 50100	New Rhonda	113.900.7657
78	Frazier LLC	Restaurant	115 Danielle Oval Apt. 679\nPort Jessica, AZ 21218	North Susan	5883270069
79	Holmes Inc	Restaurant	USS Le\nFPO AP 30394	West Danieltown	935-374-2399x9900
80	Miller-Moore	Grocery Store	1920 Jody Burg\nDanaview, NY 16941	Lake Dennischester	427-783-4717x76277
81	Harris Ltd	Grocery Store	70117 Danielle Plaza\nBartonview, NV 38788	North Michelle	508-454-9947x38541
82	Carey-Richardson	Supermarket	352 Moore Greens Suite 745\nDeborahtown, NV 83580	West Lauraborough	468.906.0755x92529
83	Owens-Williams	Grocery Store	USCGC Farrell\nFPO AA 90914	West Julianburgh	(719)090-0487x482
84	Atkins Group	Restaurant	2205 Sharp Junction Suite 771\nDrakefurt, KY 14437	Marthaside	+1-318-669-6985x63710
85	Larson Ltd	Catering Service	335 Roberts Neck Apt. 867\nSamanthaborough, RI 60340	Christopherstad	370.601.0512x89954
86	Murphy-Boyd	Catering Service	7105 James Overpass\nWilsonberg, NC 47111	New Michelle	387-962-7399x435
87	Young, Townsend and Mccarthy	Grocery Store	4577 Shannon Tunnel Suite 786\nJamesview, CT 96322	West Adam	001-286-579-2810x1913
88	Oliver, Williams and Rich	Restaurant	2297 Dunlap Plains\nSouth Shannon, MT 97282	Salastown	+1-509-255-9684x4064
89	Stewart-Page	Restaurant	8433 Villegas Tunnel Suite 183\nLake Sarahview, UT 79121	New Richard	(816)752-7440x258
90	Miller Group	Supermarket	8851 Powell Cliffs Apt. 635\nSouth Michael, MO 83778	Lake Kristentown	001-311-806-0098x37361
91	Rivera LLC	Supermarket	4769 Mark Curve\nSparksstad, OR 98308	North Ronaldburgh	(812)838-6129x912
92	Cruz-Day	Catering Service	98104 Goodman Extension\nSmithport, PA 37878	East Melissa	266.982.5975
93	Davis, Vaughan and Shepherd	Supermarket	89992 Quinn Plain Apt. 912\nNorth Laura, IN 05742	New Daniel	(147)151-2023x6618
94	Cuevas, Smith and Rowe	Grocery Store	7503 Mclaughlin Crescent Suite 498\nDavismouth, DE 08450	Brennanstad	(286)671-0956
95	Orr Inc	Supermarket	5940 Klein Junctions\nJenniferborough, PA 44116	Christinaland	-10371
96	Pierce, Walsh and Rogers	Grocery Store	8840 Edwards Square Suite 343\nKimside, NE 41307	Deborahland	+1-065-024-5251x529
97	King-Snyder	Supermarket	615 Barnett Circles\nJamesfort, CT 76455	Reyesshire	+1-494-177-0520x17816
98	Hogan-Johnston	Supermarket	00006 Amy Wall Apt. 134\nZimmermanborough, PA 57869	Gardnerfort	184-472-6932
99	Walsh-Day	Supermarket	815 Mary Via\nAllenborough, LA 80578	South Louis	(385)387-5081
100	Greene-Garcia	Catering Service	USS Smith\nFPO AE 39123	Mooreview	155.846.6299
101	Chambers-Waters	Restaurant	56762 Kimberly Light Suite 474\nMatthewmouth, UT 45275	East Angelafort	001-230-322-3448x38934
102	Hester, Bowers and Carpenter	Grocery Store	913 Jennifer Mountain Suite 645\nBurnsborough, VT 02798	West Samantha	+1-699-911-5500x712
103	Russell-Summers	Catering Service	84247 Emily Fords Apt. 478\nNorth Michael, RI 76457	Port Michaelshire	314-232-3936x08469
104	Jackson LLC	Catering Service	254 Brandon Lodge\nMichaelton, NE 66307	Lake Theresa	001-488-905-7389
105	Carr-Schaefer	Restaurant	67643 Matthews Club\nEast Jennifer, ID 54291	Davidchester	156-951-3996x201
106	Moreno Group	Catering Service	6631 Guerra Ramp Apt. 479\nValeriefort, SC 39501	Lopezmouth	431.153.2913x530
107	Pollard, Tyler and Davis	Restaurant	120 Johnson Mountains\nNew Daniel, WI 58864	West Lauraborough	7599766878
108	Williams-Cox	Supermarket	400 Ross Radial\nFrancomouth, MT 80264	East Austin	082.114.2329
109	Powell, Norton and James	Catering Service	0621 Nixon Ridge\nNew Ryanton, WV 87834	North Carmen	(816)856-0766x22957
110	Figueroa-Soto	Grocery Store	113 Donna Pass\nPort Michaelchester, NE 39187	South Kellyville	(599)442-0494
111	Ball-Church	Supermarket	096 Robin Walks Suite 454\nFoxburgh, NC 51501	South Davidside	(352)764-4709
112	Webb, Graves and Harrison	Restaurant	3538 Fields Vista Suite 058\nWest Sonya, IN 53745	East Courtneymouth	935.714.9134x34359
113	Anderson, Nicholson and Bruce	Catering Service	8546 James Fields Apt. 534\nHallborough, AL 55990	East Elizabethberg	+1-274-720-0033x1795
114	Barnett-Graves	Restaurant	748 Reilly Mission Apt. 036\nAguilarfurt, NM 08053	Lake Katherinechester	(409)027-9923x1761
115	Wells-Davis	Grocery Store	16029 Lisa Junctions\nPort Mary, AZ 64519	Floresville	322.221.0619x89960
117	Morales, Wood and Cox	Restaurant	046 Madeline Plain Apt. 669\nSmithbury, MS 53261	Amberton	468.025.0721x72227
118	Evans-Harrison	Supermarket	2430 Michael Branch\nLake Brian, CA 67262	Lake Joseph	066.832.7189x65581
119	Yates-Mills	Restaurant	PSC 9917, Box 2733\nAPO AE 68445	Port Kathleen	(954)085-0479
120	Burns-Davis	Restaurant	100 Jill Trail Suite 664\nDanielmouth, TX 62651	New Lisa	+1-749-554-2482x64065
121	Glover Inc	Grocery Store	75912 Brett Parks\nWest Lawrenceburgh, TN 53383	South Kelly	(769)689-5964x20301
122	Mosley-Hernandez	Catering Service	02866 John Causeway\nMarkberg, RI 91177	Tyronebury	+1-477-159-2443x576
123	Stephens-Stephens	Grocery Store	794 Horne Track Apt. 542\nEast Mariaport, AK 95122	East Meganfort	+1-970-818-8098x124
124	Allen, Zimmerman and Harrington	Supermarket	PSC 7915, Box 6921\nAPO AE 81937	Lake Shelby	832-646-1114x86947
125	Brown-Grimes	Supermarket	71570 Jason Spurs Apt. 697\nMelissaton, ID 56125	Lake April	492-029-0285x3479
126	Jackson, Gonzalez and Smith	Supermarket	99197 Jensen Inlet\nJuliaside, AK 27283	New Rodneyville	(590)652-0264x4365
127	Vasquez LLC	Restaurant	70060 Chelsea Trace Suite 180\nLopezburgh, AR 16869	Jasonland	731.947.3123
128	Martinez-Downs	Catering Service	38440 Jonathan Pine Suite 612\nMillshaven, CO 77071	Port Mariefort	+1-736-853-1037x942
129	Hicks Ltd	Restaurant	4349 Michael Fort\nSouth Melissa, ND 26423	Port Emily	510.799.8149x819
130	Nelson-Tran	Catering Service	Unit 6111 Box 7557\nDPO AA 52174	New Daniel	-4499
131	Spencer, Martin and Romero	Restaurant	42751 Jose Junction Suite 390\nNew Johnnyberg, MS 26952	Scottton	333.579.4749x45469
132	Walker-Knox	Catering Service	353 Donald Tunnel Apt. 330\nFisherview, IA 09906	Huntermouth	+1-787-557-7905x551
133	Baker LLC	Catering Service	881 Thomas Valleys Apt. 842\nSouth Danielleland, OR 09264	South Michaelberg	423-570-5106
134	Cook Ltd	Supermarket	15130 Parker Hill\nAdkinsville, MN 48860	West Melissa	(340)959-7188x4581
135	Dyer Group	Catering Service	601 Kent Mills Apt. 098\nNew Robertstad, NY 73393	East Candace	906.900.1026
136	Gordon, Davis and Gonzalez	Grocery Store	48332 Richard Radial\nSouth Christinafurt, MS 38651	Lamberttown	001-549-717-7006x7763
137	Pena and Sons	Supermarket	48061 Thomas Mission\nStephensmouth, NC 22128	East Alexisberg	351-759-9512
138	Jones, Rojas and Brown	Grocery Store	3671 Hansen Loaf\nPort Nicholas, VT 97420	North Sherrimouth	490.519.3490x03679
139	Johnson-Ray	Supermarket	3639 Jones Brooks\nSouth Matthew, VA 33223	Port Connie	294.692.7978x3473
140	Zhang LLC	Restaurant	6343 Sanders Park Suite 844\nPort Brendaton, FL 49650	Watsonstad	001-943-679-8869x4358
141	Rodriguez PLC	Grocery Store	03072 Stephen Terrace Suite 003\nLake Brandon, TX 93484	Port Manuel	001-338-962-9433x726
142	Myers, Kelley and Riley	Catering Service	374 Murray Run\nPort Sarahview, CA 10295	Mitchellmouth	001-912-865-5943x9580
143	Luna, Padilla and Torres	Grocery Store	7550 Kevin Inlet Suite 004\nRoweton, CT 19578	Samuelville	7363126794
144	Johnson, Harris and White	Catering Service	PSC 5814, Box 9023\nAPO AA 76560	Bellport	293-470-3464x6698
145	Rice-Woods	Grocery Store	802 Young Ramp Suite 344\nPort Amy, HI 07296	Kayleefort	+1-180-785-3704x622
146	Hampton-Lee	Supermarket	994 Maxwell Squares Apt. 136\nBrowninghaven, IA 33077	Jonathanhaven	663-119-2623x961
147	Nguyen-Shaffer	Catering Service	538 Charles Unions\nPort Jessica, MD 31072	West Trevorview	040.258.9118
148	Perry, Cabrera and Owens	Grocery Store	97775 Rice Forks\nJohnsontown, RI 35006	Annahaven	626-321-0040x18014
149	Lee LLC	Grocery Store	0886 Smith Glen\nDuncanmouth, AL 18583	North Amber	010-809-0806x17359
150	Powers, Clark and Snyder	Grocery Store	8675 Reed Crest Suite 904\nWest Wendyborough, ID 45874	North Jamesberg	531-341-5220x02539
151	Butler-Newman	Restaurant	531 Christine Plains Apt. 814\nNew Randall, GA 19091	Anthonyshire	+1-832-258-6208x585
152	Rogers-Shaw	Catering Service	39253 David Common\nWest Tyler, NC 21196	South Jacobport	001-522-305-5977x0080
153	Wu LLC	Restaurant	439 Oscar Mountains Suite 426\nLake Markmouth, MI 84788	Hawkinsmouth	350.191.5139x454
154	Smith-Turner	Supermarket	574 Jamie Mountains Apt. 480\nNorth Timothy, CA 92067	New John	001-084-709-0706x311
155	Bennett-Parker	Supermarket	17497 Michelle Path\nNew Mariamouth, UT 32031	Charlesview	(773)966-1784
156	Johnson-Thompson	Catering Service	920 Todd Points Apt. 224\nElliottstad, ID 85406	West Carolyn	239.163.9415
157	Rodriguez, Walker and Singleton	Restaurant	3006 Fernandez Ferry\nJamesview, KS 30878	Bairdfort	998.166.5324
158	Shepherd Group	Catering Service	922 Nicole Neck\nLake Danaton, ID 65819	North Crystal	001-796-831-6588
159	Wagner, Cole and Thompson	Grocery Store	201 Hopkins Lakes\nJohnberg, ND 15611	North Brooke	+1-555-595-6288x290
160	Baker, Warren and Kirk	Supermarket	PSC 7617, Box 0188\nAPO AP 36602	Port Loganberg	001-687-777-6746x1515
161	Campbell LLC	Supermarket	8423 Karen Trace Apt. 648\nJohnland, IA 21810	Perezport	001-211-446-3315x74760
162	Moore, Perez and Young	Restaurant	48313 Taylor Junctions Apt. 845\nPetersborough, VT 51814	Penabury	345.405.3372x9178
163	Jackson-Bishop	Restaurant	1596 Romero Ports\nLake Jennifermouth, ME 52335	Annetteburgh	5846608591
164	Yu-Rodriguez	Grocery Store	144 Armstrong Viaduct Apt. 561\nEast Ericchester, UT 19438	Sylviabury	017.590.2372
165	Silva Group	Grocery Store	1541 Tara Forge\nMathisshire, DE 61123	Copelandchester	0057248175
166	King, Smith and Mullen	Grocery Store	9022 Harrington Path\nSusanport, SD 73387	Lake Donaldmouth	497-136-9598x5778
167	Thompson-Turner	Catering Service	995 Campbell Mount Suite 129\nGraytown, MN 23216	Davidport	897-925-4252
168	Miller, Williams and Lewis	Catering Service	69419 Michele Trail Apt. 911\nValdezville, NY 53308	Wardton	565.035.8798x7950
169	Hines-Green	Grocery Store	121 Monica Loaf\nCharlesshire, MO 59196	Lindseyland	(054)626-5986x842
170	Peters, Chase and Davis	Catering Service	015 Steven Crossing Suite 882\nLake Brendaborough, WV 97596	North Brentbury	+1-813-008-8889x184
171	Jones, Delgado and Marquez	Catering Service	67180 Christopher Parks Suite 702\nWhitestad, MI 84109	Williammouth	(186)605-0066
172	Parker, Macdonald and Espinoza	Grocery Store	708 Jones Estates Suite 598\nLake Samuel, RI 75975	Garciaside	776-066-7306x648
173	Greene Group	Supermarket	645 Acosta Circle Suite 351\nStaceyburgh, TN 64114	Myerschester	552-231-5655x057
174	Gillespie, Foster and Boyd	Grocery Store	Unit 1730 Box 5566\nDPO AA 26190	North Carolfurt	001-862-502-0221x7258
175	Olson Ltd	Catering Service	45318 Delgado Junctions Apt. 756\nJamesburgh, IA 92476	Katherinefurt	-1667
176	Allen-Mccullough	Restaurant	3715 White Gardens Apt. 568\nSouth Sarah, AK 76176	East John	8921994982
177	Turner-Ramirez	Supermarket	53362 Woods Viaduct Apt. 059\nRonaldview, SC 94816	South Nicholasville	679.699.5497
178	Mcbride-Rogers	Catering Service	4742 Fischer Club Apt. 161\nWest Carrieview, WA 33065	Scottchester	820.665.7265x01138
179	Lucas, Bush and Miller	Supermarket	4664 Debra Row Apt. 580\nLake Stephen, TX 87375	North Michelle	3334774489
180	Deleon, Guzman and Porter	Grocery Store	94721 Schultz Neck Apt. 864\nSouth Evanland, WI 88166	South Jeffrey	-8377
181	Black, Montgomery and Hernandez	Restaurant	118 Karen Fields\nWest Angelaport, GA 22035	Taylormouth	001-763-656-6801x10211
182	Wilson-Ortiz	Grocery Store	Unit 2603 Box 7875\nDPO AP 30589	Port Jeffrey	(345)889-2010
183	Elliott-Stephens	Grocery Store	240 Brian Circle Apt. 335\nMorrowfurt, KS 49845	South Anne	(416)071-3611x991
184	Norris-Townsend	Grocery Store	1117 Doyle Locks\nWest Aaron, MO 08423	Velazquezview	(630)461-1996x59800
185	Horn, Johnson and Moore	Restaurant	886 Tammy Mills\nStevensshire, VA 03285	Shirleyland	596.993.2969x47891
186	Garner PLC	Grocery Store	90840 Edgar Light Suite 091\nLake Caseyberg, IA 64520	Evansmouth	(112)902-8389
187	Collins, Williams and Fernandez	Catering Service	947 Sara Heights\nNorth Brandi, CO 23438	Port Robert	001-950-129-4358x2246
188	Brown Ltd	Catering Service	3165 Luis Heights\nPort Brandonview, OK 04929	Courtneychester	9776174564
189	Blackwell Ltd	Supermarket	829 Allen Bridge\nWest Karenburgh, ND 61533	Brianside	(604)057-1444x583
190	Elliott-Mcguire	Grocery Store	447 Haynes Causeway Suite 347\nSmithburgh, WA 40545	Barkerborough	409-311-5468
191	Grant-Davis	Grocery Store	6946 Shaffer Viaduct Apt. 909\nLisabury, LA 90232	Lake Jessicamouth	+1-672-949-7621x738
192	Hunter, Ballard and Caldwell	Catering Service	60550 Fleming Branch Suite 560\nJessicashire, UT 62403	Leslieville	001-594-592-2116x9925
193	Chung, Morris and Craig	Restaurant	310 Steven Overpass Apt. 402\nPaulside, NM 92478	North Lisaland	001-981-892-0136x674
194	Lambert-Gonzalez	Restaurant	77389 Flores Fort\nScottchester, ME 77945	Lake Josephton	001-150-754-9757x0704
195	Williams-Strong	Supermarket	712 Johnson Squares\nJohnburgh, IN 34833	Justinhaven	935.536.1144
196	Owens-Taylor	Restaurant	553 Emily Mountains Suite 339\nEast Mary, MI 74272	Bartonborough	+1-977-169-9906x1607
197	Dodson and Sons	Restaurant	390 Ramirez Port\nPort Julieton, LA 28323	New David	642-655-6122x732
198	Bowman LLC	Restaurant	70033 Katie Walk\nSouth Joshuaport, NY 57110	Port Karen	(890)877-4218x852
199	Clark, Evans and Navarro	Catering Service	1567 Rice Route\nMcbrideton, SD 00586	Christinamouth	+1-260-408-7633x914
200	Turner-Woods	Supermarket	413 Abigail Park Suite 737\nNorth Heather, VA 59882	Bradleyport	+1-498-827-6905x7873
201	Ramirez LLC	Catering Service	1488 Cook Ports\nSouth Lindsay, WI 06937	Sandrastad	001-916-437-4521x821
202	Graham-Peters	Supermarket	72444 Dennis Centers Apt. 058\nEast Sarahton, NM 90794	Vazquezshire	+1-491-368-1719x38393
203	Bass-Sellers	Grocery Store	807 Brewer Highway Suite 080\nChristophermouth, MO 25526	Port Christina	689-429-9060x47456
204	Lyons Inc	Supermarket	0820 Christopher Dale\nAngelamouth, GA 29905	Lake Lauraton	127.959.5462x8745
205	Thompson Group	Grocery Store	81499 Baker Valley Suite 876\nWheelerview, CT 20385	Carlbury	858-115-6375x26624
206	Yoder-Murray	Catering Service	Unit 6112 Box 2655\nDPO AP 68074	Port Emilyburgh	001-593-330-4216x5945
207	Walters, Jackson and Webster	Grocery Store	88321 William Glens Apt. 368\nNew Anthony, IN 56413	North Ronaldmouth	505-482-7536x693
208	Miller, Johnson and Fernandez	Restaurant	228 Kathryn Mountains Suite 986\nCortezmouth, IA 90538	East Garyton	985.790.0081x8718
209	Hubbard, Clark and Hicks	Catering Service	77599 Ruiz Stream\nSouth Brianburgh, DC 12695	South Cassandra	272-502-0028
210	Jones-Miller	Grocery Store	8892 Patrick Shoals\nTristanfort, OH 00576	Paulmouth	028-684-5516x43547
211	Anderson, Patrick and Scott	Restaurant	03198 Washington Ferry Suite 086\nSouth Amberside, GA 92116	Lake James	-6513
212	Dennis, Parker and Sanchez	Supermarket	456 Nelson Street\nEricside, NH 82097	Port Markview	921-065-5873x078
213	Anderson, Robinson and Phillips	Grocery Store	687 Bell Knoll Suite 015\nWest Bryan, OR 07413	Andersonville	7809531647
214	Kelley PLC	Catering Service	Unit 3990 Box 8289\nDPO AE 64562	Jamesview	942.961.3748x773
215	Simmons Ltd	Grocery Store	6249 Michelle Islands Apt. 374\nWest Heather, VT 67074	New Curtis	(219)975-7084
216	Potter, Brown and Torres	Supermarket	54122 Wayne Ville Suite 760\nEast Kellyview, OH 61069	Tylerburgh	231-909-9113x65369
217	Williams Ltd	Supermarket	89168 Fisher Brooks Suite 220\nNorth Kevinville, TN 96538	Mooremouth	4174921015
218	Aguilar and Sons	Catering Service	68882 Rebecca Islands\nEast Virginiamouth, SD 49728	Lake Chloeshire	(793)316-0706
219	Rivera-Nelson	Supermarket	141 Ingram Ferry\nCarlsonport, SC 09759	East Stephanie	+1-335-588-5454x314
220	Robinson and Sons	Supermarket	95830 Watts Isle\nTraviston, WA 96014	West Stephaniemouth	+1-900-879-1636x908
221	Richardson Group	Supermarket	48378 Morris Pines Apt. 216\nPort Williamville, MD 62944	Walterborough	(924)099-7995
222	Tran, Douglas and Harvey	Catering Service	5607 Ernest Summit\nSouth Petertown, MS 89142	Stephanieberg	(015)911-4687x4992
223	Hodges and Sons	Restaurant	7970 Robinson Field\nSalinaschester, CT 85213	Longland	504.107.9130
224	Hughes-Jackson	Restaurant	66899 Johnson Crescent\nNew Gregoryland, CO 53101	East Lindsayville	998-292-0906
225	Stevens-Rogers	Grocery Store	59277 Adam Station\nWest Justin, DE 07549	West Kenneth	+1-708-348-4200x729
226	Hart PLC	Grocery Store	47794 Mccoy Shores\nJacksonfort, OR 28670	South Thomas	647.576.5079x307
227	Morse-Hoffman	Grocery Store	677 Jenna Village\nPort Rhonda, OK 56596	Derekport	(440)514-8820x3017
228	Stewart-Soto	Supermarket	71892 Robinson Common\nHarrisfurt, DC 31479	Andrewsmouth	(828)634-0022x45412
229	Thompson Ltd	Restaurant	213 Mitchell Port\nEast Craig, IA 36277	Gonzalesport	+1-570-095-8264x37944
230	Phelps-Robbins	Grocery Store	00248 Hamilton Ferry Suite 310\nNew Larry, DE 83903	North Melanie	5648556923
231	Jackson-Robinson	Supermarket	2416 Gray Route Apt. 246\nBoydland, AL 93137	North Tom	001-341-741-8533
232	Snyder, Caldwell and Campbell	Supermarket	652 Williams Mount\nJonesstad, WI 51744	Muellermouth	001-204-401-6159x495
233	Jones-Wu	Restaurant	PSC 9721, Box 2253\nAPO AA 34031	South Morganfurt	744-909-5102x39344
234	Sherman-Baker	Catering Service	07362 Kimberly Village Suite 643\nAndersonton, VA 24172	New Joel	301.017.1427
235	Gutierrez LLC	Catering Service	310 Myers Neck\nRichardtown, WA 29671	Gutierrezshire	+1-544-924-8841x926
236	Singleton, Andrews and Bell	Grocery Store	431 John Coves\nMariaside, WA 13977	Jeffreyburgh	(773)180-8829
237	White, Crawford and Pearson	Supermarket	4785 Felicia Circle Suite 239\nNorth Melissa, KY 96802	Frederickside	958.016.7653x7393
238	Decker Group	Grocery Store	4464 Charles Creek\nSanchezborough, GA 09107	North Julieburgh	+1-152-318-5664x8137
239	Simpson, Thomas and Smith	Grocery Store	204 Charles Viaduct\nPerezfurt, WV 57676	South Bradleyburgh	001-117-114-7043
240	Marshall Ltd	Catering Service	30050 Christine Square Apt. 097\nKingfort, KS 26841	Andreaborough	+1-314-339-0357x53136
241	Harper, Blake and Alexander	Catering Service	882 Smith Heights\nEast Cherylborough, DC 06299	Devinmouth	(144)381-3923
242	Aguilar-Frederick	Restaurant	6353 Chad Circles\nBrewerland, NM 53897	Michaelport	-8356
243	Davis-Hurley	Catering Service	687 Sparks Forks\nEast Patricia, NC 25546	West Catherine	(172)389-0239x87614
244	Chan-Elliott	Supermarket	16644 Kelli Spur\nGregoryville, SC 80630	Toddberg	021-322-3933x46620
245	Williams and Sons	Restaurant	8921 Juan Ville\nNew Monicashire, MD 92426	Lake Heather	+1-279-007-2137x9870
246	Robinson Group	Grocery Store	212 Kelly Station Apt. 790\nNorth Amandafurt, MA 37113	East Stephanieview	195-943-0311x0414
247	Shepherd-Yates	Catering Service	973 Garner Mews\nPeggymouth, MO 33680	Port Aaron	477-819-1257x990
248	Oliver, Cross and Gilbert	Restaurant	USS Mcintyre\nFPO AA 76857	South Michellechester	001-607-614-4871x9620
249	Davis, Sanchez and Hernandez	Catering Service	61204 Christopher Springs\nNorth Kathy, SD 81291	Johnsonside	452.214.9646x15610
250	Lewis-Peters	Grocery Store	965 Jesse Course Suite 126\nAnnabury, RI 51241	South Jasmineville	864.412.4651x28059
251	Carter-Jones	Restaurant	26720 Candace Inlet Suite 052\nHendersonton, MA 30678	East Terrancemouth	892-412-5796
252	Blair LLC	Grocery Store	084 Alejandro Ports Apt. 820\nSarahton, LA 54906	Phillipsfort	(213)522-3298x866
253	Gonzales-Keith	Catering Service	4934 Mitchell Lake\nSharonchester, NJ 09163	Sharonton	986-491-7149x656
254	Huber Group	Restaurant	36361 Roger Trail Apt. 099\nAshleybury, MD 98039	Reidland	001-841-494-8011x4394
255	Chapman, Barrett and Lopez	Supermarket	1402 Kimberly Plaza Apt. 787\nKatherinetown, OK 71945	Crystalborough	158-680-9083x1158
256	Hayes Ltd	Grocery Store	581 Michael Fields Suite 491\nEast Meganburgh, TX 89090	North Nicoleport	001-907-009-4281x18158
257	James Group	Supermarket	27163 Jennifer Roads\nWilliamsside, ID 07654	Lake Coryhaven	001-385-215-0963x215
258	Gonzales-Moore	Restaurant	326 Parker Crescent\nSouth Hailey, SD 72035	Lake Anthonyport	495-926-2302x026
259	Lewis, Pierce and Wilson	Restaurant	2950 Daniel Center Suite 368\nDanieltown, NJ 69910	North Briannabury	001-076-665-0771x26410
260	Rice-Dawson	Grocery Store	9152 John Roads Apt. 986\nCurtiston, ID 14419	New Samuel	(937)981-7733x90321
261	Lopez, Davis and Duncan	Grocery Store	1779 Zachary Island Suite 743\nSantosmouth, IL 00898	South Richardhaven	424-107-9020
262	Bradford-Martinez	Supermarket	366 Wheeler Fields\nHarringtonchester, WY 86540	New Carol	199.451.0254
263	Lutz, Smith and Martin	Grocery Store	8964 Reed Valleys Suite 413\nDavidborough, MA 78474	Chambersfort	+1-643-647-0236x085
264	Holland and Sons	Catering Service	430 Tyler View Apt. 166\nSouth Katherine, TX 04269	New Richard	184-401-2586x9344
265	Simmons-Mcdaniel	Catering Service	237 Jason Trail\nEast Jacobborough, VT 07794	New Douglas	175-617-1876
266	Thomas-Carpenter	Grocery Store	0891 Martin Shore Apt. 596\nMcdonaldstad, PA 01987	Port Ronaldshire	021.908.0322x164
267	Sherman-Garza	Catering Service	044 Johnson Brook\nVelazquezville, IA 66365	Port Kevinburgh	(357)159-0029x4117
268	White, Hutchinson and Williams	Grocery Store	6135 Michael Extension Apt. 708\nBrendaborough, MN 18905	Nolanmouth	655.056.4788x798
269	Jackson and Sons	Restaurant	Unit 2891 Box 0702\nDPO AP 62264	East Caseyfort	001-749-533-8145x88455
270	Harrison-Wilson	Catering Service	904 Christopher Station\nLake Patriciaborough, AR 56947	Cunninghambury	269.475.2515
271	Barrera, Jenkins and Boyd	Restaurant	0939 Meyer Wells\nLake Jeanne, PA 23420	New Jeremyberg	(912)706-8422x13941
272	Holland, Parks and Scott	Supermarket	031 Sydney Freeway\nCynthiaton, PA 51451	Lake Christinaborough	+1-260-583-9227x932
273	Hammond LLC	Supermarket	7396 Patrick Row\nEast Roy, UT 18983	New Carol	001-324-482-4894
274	Shields-Moore	Supermarket	922 Bailey Overpass Suite 885\nNew William, VA 50509	New Dawnborough	9332911651
275	Floyd, Jones and Alvarado	Supermarket	55399 Bullock Cove Apt. 326\nEast Latoya, KY 21621	Brittanyport	106.317.0700x02344
276	Hodge-Leblanc	Supermarket	2243 John Squares\nJohnburgh, TX 33271	Port Eric	3692481031
277	Ramos and Sons	Catering Service	6378 Kendra Greens\nEast Jacob, IN 59852	West Aliciabury	5918690343
278	Edwards-Ryan	Restaurant	259 Valerie Pike Apt. 290\nCoffeychester, WV 02293	Beasleyhaven	2659382103
279	Greene, Wood and Hernandez	Restaurant	69618 Jacob Stravenue\nSouth Jacobton, OH 42099	Garciaport	238.551.4657
280	Peck, George and Klein	Supermarket	481 Bowman Isle\nMichaelbury, CO 60876	Coopermouth	7482492553
281	Davis Inc	Grocery Store	83459 Allen Causeway Suite 409\nOlsonborough, GA 85285	Lake Nicolebury	432-172-5411x1981
282	Baker, Gardner and Callahan	Supermarket	18439 Amanda Field Apt. 333\nMccartymouth, MO 88867	Port Gregton	520-919-5240
283	Russell-Graham	Supermarket	7757 Roy Mountain\nPort Emily, KS 36318	Andrewstad	197-361-9121x02684
284	Cruz Inc	Supermarket	96242 Luis Mill\nSouth Jeffrey, PA 65606	North Julieburgh	242.471.4335
285	Sanchez-Fisher	Restaurant	77514 Todd Creek Apt. 870\nEast Ashley, ND 47642	West Corey	971.803.6233x098
286	Watson-West	Restaurant	864 Martinez Valleys Apt. 859\nByrdland, OH 05345	Williamschester	-9486
287	Carr-Wells	Catering Service	202 Castillo Course Suite 667\nNew Joshua, OK 47311	Jefferyside	(535)017-9013x9281
288	Carlson-Mathis	Supermarket	98491 Matthews Mall\nLake Juantown, NY 51580	Maynardstad	518.257.3189x434
289	Jenkins-Carpenter	Supermarket	9447 Dixon Orchard\nPort Jacob, DE 27747	Toddstad	1448122181
290	Webb, Phillips and Garcia	Supermarket	09931 Snyder Station Apt. 218\nRitterborough, IL 82418	Bradleyport	001-401-943-3400
291	Bass-Gay	Grocery Store	USCGC Perez\nFPO AP 05466	West Margaretfort	064.805.9663
292	Lopez-Duffy	Supermarket	PSC 0689, Box 6828\nAPO AP 21295	Mooneybury	048.373.4973x79978
293	Ibarra and Sons	Catering Service	Unit 2034 Box 3584\nDPO AE 66830	Joneshaven	855-385-3050x223
294	Fitzgerald Group	Grocery Store	3303 Smith Gardens Suite 639\nJonesberg, WY 23098	South Kendra	048-163-0381x7780
295	Patterson, Harris and Kelly	Restaurant	887 Martinez Spurs\nThorntonshire, WV 04210	Meghanfurt	8457019148
296	Martin PLC	Grocery Store	3517 Dalton Pike Apt. 053\nMeghanside, MT 10430	Port Linda	001-672-728-8347x500
297	Butler-Cook	Grocery Store	561 Schmidt Estate\nRobertsonton, OK 26803	Markberg	+1-209-476-5112x24812
298	Mills, Osborne and Dickson	Restaurant	05338 Karina Village\nBoyerfurt, TX 92321	New Steven	1800451358
299	Riley PLC	Supermarket	4036 Scott Course Apt. 174\nNew Elizabeth, SD 35504	Robertton	643-573-2130
300	Clarke-Farley	Supermarket	9050 Jacob Cape\nEast Donaldfurt, NY 58115	Lake Michaelview	(953)723-2621x740
301	Smith, Glover and Mcintyre	Supermarket	183 Jessica Island Suite 755\nRebeccafurt, ID 61131	East Laurashire	(502)012-9123x94085
302	Robertson PLC	Grocery Store	23699 Garcia Villages Suite 124\nSouth Williamhaven, MT 23890	South Tammy	100-131-6521
303	Wright Ltd	Catering Service	PSC 7619, Box 8525\nAPO AE 61072	Tammystad	062.226.1859x3237
304	Douglas-Colon	Catering Service	30465 Latoya Haven\nHartville, NC 48753	Port Marcland	439.020.2351
305	Wolfe, Garner and Jones	Grocery Store	88370 Harris Lock Apt. 882\nSouth Catherine, DE 56707	Fullerborough	(373)758-7748x038
306	Evans, Wright and Mitchell	Catering Service	73725 Anthony Way Apt. 971\nWest Pamela, OH 61366	North Keith	001-726-568-9224
307	Gonzalez-Parrish	Catering Service	600 Sanchez Meadow\nJessicaview, KY 72375	Heathborough	164.336.2362x38847
308	Doyle LLC	Catering Service	8157 Tammy Road\nWest Stephenchester, NC 16381	Brittanyside	0312154595
309	Bell, Davis and Hickman	Catering Service	4454 Jackson Plaza Apt. 447\nThomasburgh, CT 44776	Ambertown	+1-754-517-2435x37063
310	Sullivan, Thornton and Peterson	Grocery Store	1679 John Court\nKatherineberg, ID 45885	Saraburgh	(688)116-5399
311	Fleming Ltd	Grocery Store	080 Powell Rapid\nSouth John, CO 90063	West Amanda	(646)465-3368x3676
312	Garcia-Hunter	Restaurant	019 Amy Station\nSouth Daniel, MD 51890	North Ianbury	150-729-4411
313	Maldonado-Davis	Supermarket	51547 Desiree Cape Suite 175\nPort Benjaminfurt, RI 95290	Boylechester	9538261424
314	Wright-Mcclure	Restaurant	569 Laurie Lake\nLake Erikview, WY 06966	Rodriguezfurt	+1-982-494-3609x2407
315	Nelson LLC	Restaurant	773 Frazier Ranch\nKellerbury, GA 32205	Lake Andrewmouth	+1-859-029-3911x34890
316	Johnson Group	Supermarket	0019 Gray Trafficway\nNorth Sara, NC 74122	Williamsfort	(007)484-4365x34610
317	Parker, Jordan and Thompson	Grocery Store	536 Steven Isle\nBoyleborough, MA 13719	South Brandiberg	+1-616-367-6583x630
318	Briggs-Stewart	Catering Service	86658 Rachael Drive\nPort Jennifer, MO 54683	Martinezfort	(398)927-0621
319	Davila, Green and Avila	Restaurant	28646 Tiffany Meadow Apt. 469\nLyonshaven, IA 48088	Lake Amymouth	2386104312
320	Shah Group	Supermarket	1654 Singh Roads\nPaynehaven, RI 22772	Lake Jeffreytown	953-840-3880
321	Williams-Boyle	Restaurant	09025 Callahan Club\nRamosport, WY 36155	North Edwinchester	633-782-3532x46627
322	Mayo PLC	Catering Service	15094 Kennedy Highway Suite 900\nSouth Michael, MT 31746	Mckinneymouth	646-258-2814
323	Peters-Johnson	Restaurant	6383 Gomez Islands\nSanchezport, IA 35229	Jasmineberg	106.150.3989x9566
324	Roberts Group	Grocery Store	160 Sheri Course\nMossfurt, MO 13285	East Elizabeth	043-467-7558x957
325	Allen and Sons	Supermarket	17628 David Plain Suite 137\nPort Michaelton, AZ 66272	West Tammy	370-552-5469x768
326	Bender, Jordan and Bennett	Supermarket	635 Herrera Trafficway\nHuynhside, CT 11395	Lake Alicia	001-194-509-7599x83421
327	Miller, Conner and Clark	Restaurant	4464 Shaun Plain Suite 161\nSandraview, TN 76190	Villaborough	+1-075-795-2419x75821
328	Walker, Brennan and Townsend	Grocery Store	Unit 9379 Box 7124\nDPO AP 65325	Port Rubenville	(194)900-2168
329	Davidson Group	Restaurant	1894 Harvey Pike Apt. 102\nDavisfort, NE 43626	Port Lauraville	-8804
330	Holloway-Koch	Restaurant	2889 Jorge Fields\nSouth Thomasland, AR 38794	Jamesport	323.974.7052
331	Edwards, Johnson and Cross	Catering Service	5969 Burke Ridges\nNorth Kevinborough, MT 75005	South Jeffreyburgh	869-227-8515x888
332	Cox LLC	Restaurant	406 Lucero Mountain Apt. 736\nMollyport, RI 14316	West Whitneymouth	001-018-140-2068x875
333	Herrera, Fritz and Banks	Restaurant	USCGC Adams\nFPO AP 17515	Port Heidiland	(057)146-9859x95415
334	Cox-Mcintyre	Grocery Store	85337 King Junction Suite 272\nEast Nicoleshire, ID 63161	South Jillshire	(422)450-8076
335	Newman, Pearson and Mccarthy	Grocery Store	4719 Darryl Isle\nNew Rebecca, GA 13003	North Gary	905.549.7068
336	Mckinney LLC	Supermarket	52072 Rhonda Flats\nLake Brandon, VA 43437	East Sandra	(338)059-6636x909
337	Hogan-Oliver	Restaurant	03856 Garcia Course Suite 618\nNew Patriciamouth, DC 05462	New Ricky	001-484-018-9255x90683
338	Ibarra LLC	Catering Service	064 Andrea Land Suite 946\nLake Melody, ME 49581	Adambury	6703380260
339	Palmer and Sons	Restaurant	4079 Kathleen Tunnel\nLisastad, NE 35010	South Thomas	-4949
340	Barry, Powers and White	Grocery Store	1145 Justin Light\nRichardside, CT 45760	Murrayborough	(023)817-1166
341	Jenkins-Carrillo	Grocery Store	656 Denise Spurs Suite 112\nJoshuaborough, NY 66307	Lake Ryanbury	025.332.6781x596
342	Smith Inc	Catering Service	00691 Joseph Parks\nMatthewville, CO 02023	Matthewbury	-5420
343	Harris, Perez and Willis	Catering Service	549 Moody Road Suite 873\nJacobshire, VT 80966	South Christopherborough	581-281-6112
344	Mcmillan, Gallegos and Perry	Catering Service	4963 Decker Loop Apt. 710\nWest Karen, MO 17141	North Nicholas	247-797-3341x5155
345	Mitchell-Watson	Catering Service	2215 Jacob Valleys Suite 115\nGarcialand, SC 12573	North Tracy	001-366-677-9015
346	Phillips, Wolfe and Martin	Grocery Store	Unit 1376 Box 6294\nDPO AE 62072	Thomasville	001-548-413-4962
347	Hood, Hoffman and Wright	Supermarket	783 Gonzales Valleys Apt. 115\nAlexandrialand, NH 52248	Louismouth	992.697.3906x31622
348	May and Sons	Restaurant	76603 Heather View Apt. 463\nEast Maureenberg, MI 77494	West Ashleytown	214.577.9133
349	Walker, Wong and Norris	Supermarket	6246 Smith Drives Suite 621\nJamesfurt, CO 01830	Valenzuelaville	(955)670-0410
350	Scott, Johnson and Villa	Restaurant	265 Williams Canyon Suite 869\nPort Joseph, AR 44255	Port Dustin	001-144-195-6495x72650
351	Berry-Mack	Grocery Store	188 Tamara Crossroad\nLake Melissa, FL 63621	South Stefanietown	(769)872-1659
352	Strickland LLC	Grocery Store	2522 Marissa Brook Suite 849\nAndersonberg, IL 05110	Lake Kyle	(872)958-7902
353	Rose-Pearson	Grocery Store	48119 Luna Villages\nCherylfurt, HI 56512	North Aaron	735.520.0971x89331
354	Rowe-Arias	Catering Service	8041 Joseph Shoal Suite 878\nNorth Robertfurt, KY 43667	South Alicia	090-649-4737
355	Bowman LLC	Restaurant	64024 Hunter Plaza Apt. 997\nGrantstad, NM 06478	Port Patrick	039-263-2786x611
356	Espinoza PLC	Supermarket	410 White Heights\nNorth Todd, ID 25520	West Michael	(410)539-3296
357	Carey PLC	Supermarket	77230 Nicole Row Suite 887\nEast Joshua, KS 15916	Donnaborough	001-734-038-0600x959
358	Cole-Ochoa	Restaurant	832 Richards Lakes Suite 950\nAdambury, MS 43653	South Crystalberg	001-392-997-5127x129
359	Gonzalez, Tapia and Stewart	Catering Service	USS Jacobson\nFPO AE 77920	North Ashley	206-007-4668
360	Clay LLC	Catering Service	58290 Keith Hills\nWest Danielle, UT 38692	Butlerview	004.834.6521x6955
361	Fleming Group	Supermarket	491 Stafford Harbors Apt. 774\nReyesburgh, ID 82774	East Lauren	218.201.2221
362	Snyder-Gordon	Grocery Store	952 Browning Port Apt. 921\nSarahhaven, UT 94085	Anthonychester	134-622-9488
363	Henry-Terry	Catering Service	94883 Silva Plaza Apt. 966\nNorth Ericborough, WY 57244	East Brittanyland	(205)168-6653
364	Reid Ltd	Grocery Store	94855 Gardner Union Suite 670\nLake Diana, OK 96757	Lake Ethanview	-4386
365	Bray, Nguyen and Christensen	Restaurant	27009 Sheri Forges\nHeidiview, AK 10251	West Robert	589.913.5215x7984
366	Harrell-Hanson	Restaurant	660 Anthony Canyon Suite 057\nArnoldchester, MA 72162	Devinton	4957265323
367	Patel and Sons	Grocery Store	7364 Green Wall Suite 340\nFisherbury, VA 78253	Deckermouth	+1-731-068-2964x54440
368	Smith-Villegas	Grocery Store	5916 Craig Courts\nNew Kevinfurt, MS 57479	North Lindseychester	001-467-901-7553
369	Weeks, Wood and Sharp	Catering Service	4812 Paul Plaza\nNorth Amanda, WI 89597	Brownton	(200)440-3875
370	Cox-Richmond	Supermarket	USNS Ingram\nFPO AA 14461	Williamsland	-9920
371	Montgomery, Dominguez and Hopkins	Grocery Store	565 Davis Shoals\nNew James, ND 98971	Solisburgh	575.394.8230x121
372	Elliott-Jones	Restaurant	Unit 8546 Box 6518\nDPO AE 36672	Lewisberg	690.272.6499
373	Avila Group	Grocery Store	099 Rodriguez Creek\nRonaldport, RI 02598	Aprilberg	001-835-594-3012x252
374	Pollard, Yoder and Martin	Grocery Store	3352 Willis Junctions Apt. 432\nLake Pamelaborough, NV 36555	Steeleport	731-612-0267x787
375	Anderson-Stevens	Supermarket	82308 Richard Mall Apt. 824\nJoshuafurt, UT 33812	New Ryanbury	160-803-0342x27712
376	Wilkins-Boyle	Catering Service	907 Shawn Lakes Apt. 626\nWest Benjaminton, AK 55564	Lake Sarah	352-462-9637x24350
377	Cooper-Gill	Catering Service	94711 Tracy Court Apt. 437\nTammyborough, ME 89430	West Omar	+1-161-221-8545x570
378	Foster Ltd	Supermarket	5394 Laura Cliffs\nEast Angela, NH 01271	South Johnshire	7045041352
379	Payne-Pena	Supermarket	6560 Jesse Brooks Suite 699\nNorth Rebeccafort, ID 49869	Millerstad	(370)216-0851
380	Nelson PLC	Restaurant	USNS Walker\nFPO AE 02837	Lake Christophermouth	(302)042-7352
381	Cruz, Lee and Fernandez	Supermarket	659 Janice Land Apt. 415\nChristopherburgh, CT 46250	Martinville	973-312-0803
382	Bruce, Lewis and Anderson	Restaurant	587 Julie Oval Apt. 908\nSouth Elizabethbury, IA 98406	Ritterburgh	-7360
383	Hines-Rangel	Supermarket	595 Walker Islands\nCasetown, UT 11286	Barryside	2330894330
384	Rogers-Warren	Grocery Store	408 Katelyn Bridge\nDayshire, LA 95554	Jamesfurt	001-439-195-6960
385	Fitzpatrick and Sons	Catering Service	492 Wright Wells Apt. 328\nWest Charles, WI 51630	New Tammyland	+1-011-366-8942x777
386	Miranda Ltd	Grocery Store	71888 Peterson Gardens Suite 750\nPort Susan, SD 20635	Wheelermouth	490-189-7305x43330
387	Barrera-Ward	Grocery Store	55591 Eric Corners Apt. 955\nRiveraburgh, NJ 52897	West Juliabury	958.242.0037
388	Rivera Ltd	Supermarket	2319 Wong Station Apt. 425\nMorrisonbury, KY 44766	Manuelhaven	-7062
389	Hunt-Lee	Grocery Store	1004 Michael Mission\nEast Kenneth, NY 07626	Davidborough	001-681-802-0601x91223
390	Case, Anderson and Morris	Catering Service	6712 Rojas Inlet Suite 958\nSchmidtbury, ME 51653	Taylorfort	732-582-4147x6156
391	Lambert Ltd	Supermarket	10860 Jones Fields\nNorth Nicholasmouth, MI 89187	South Jerryside	351.542.5864x527
392	Williams PLC	Restaurant	4260 Emily Extensions\nPinedafort, IN 16450	Lake Jefferyborough	544.339.0699x37985
393	Steele Ltd	Restaurant	79988 Laura Motorway Suite 853\nWest Kennethfort, NV 88945	Heatherview	001-300-000-8103x26863
394	Davis PLC	Catering Service	PSC 0380, Box 0806\nAPO AE 90542	Port Glendastad	001-336-175-1470x894
395	Andrade Inc	Grocery Store	41963 Woods Skyway\nJoanneside, KY 56457	West Erinport	4816317562
396	Chase-Gross	Catering Service	950 Nicole Burg Suite 178\nDonnamouth, AL 08654	Heatherside	(041)493-1650
397	Alexander PLC	Catering Service	467 Heather Trail Apt. 416\nSmithstad, SD 08586	Arnoldmouth	347-730-0183x269
398	Brown LLC	Supermarket	013 Cook Spring\nBradleyborough, CA 82476	Jasminechester	(155)397-5919x994
399	Torres, Marshall and Williams	Grocery Store	917 Melanie Via Suite 259\nAlexanderfort, UT 16154	North Alison	001-504-903-6137
400	Leach-Alvarado	Restaurant	9446 Camacho Groves Suite 847\nSouth Tony, MD 46082	Collinston	793-471-7134x359
401	Perez-Howe	Restaurant	7844 Ross Via Apt. 392\nNorth James, SC 30883	Randallville	001-947-698-1631x56761
402	Butler-Anderson	Grocery Store	927 Edward Stream Apt. 658\nPort Melissaport, ME 18030	West Christopher	593.024.1356
403	Bradley-Smith	Grocery Store	870 Contreras Brook\nLaurashire, CT 25941	Jeremiahfort	840-107-5994
404	Schmidt Ltd	Restaurant	8891 Colleen Lodge\nNew Kristenstad, VT 55046	Brownchester	3466470514
405	Mills, Smith and Martin	Supermarket	04051 Murray Forge Suite 530\nSeanmouth, MN 69922	Kevinfort	(202)949-6624
406	Hernandez, Rodriguez and Tanner	Restaurant	878 Wall Course Apt. 546\nLake Davidtown, RI 22137	Davisshire	464-623-1310
407	Douglas and Sons	Restaurant	6331 Kathleen Hill Apt. 153\nJohntown, ND 42493	North Charlesside	(883)611-4618x987
408	Thompson-Ortiz	Supermarket	389 Everett Camp Apt. 540\nWongfort, MA 92301	Riceshire	5027424022
409	Ayala LLC	Grocery Store	PSC 6395, Box 4259\nAPO AE 55285	East Roberthaven	714.879.6195x1367
410	Byrd-Mitchell	Catering Service	336 Mclaughlin Drives\nNew Rachel, OK 37858	Thomasfurt	454.722.9408
411	Hernandez-Todd	Catering Service	2686 Delacruz Burgs\nAlyssaburgh, WY 28602	East Darrell	280-061-2048
412	Farmer-Gilbert	Grocery Store	73098 Charles Harbor Suite 608\nWelchbury, WY 30443	Robertland	(375)215-6908
413	Davis, Bowen and Miller	Catering Service	418 Adam Mission Suite 750\nJessicaville, OR 26759	North Mike	9207424674
414	Gonzales Group	Supermarket	9183 Robert Mill Suite 331\nCurtisview, MI 18328	New Matthew	+1-790-667-8198x9396
415	Thomas and Sons	Supermarket	58989 Matthew Isle\nPort Michaelview, AZ 51434	Christopherchester	0397863480
416	Cohen LLC	Supermarket	Unit 8432 Box 4483\nDPO AA 07457	East Anthony	505-968-5997x50685
417	Glover, Wilson and Hudson	Restaurant	3045 Joshua Fall Suite 109\nKhanshire, AL 47705	East Ashleyshire	(315)080-3138
418	Schwartz, Odonnell and Padilla	Restaurant	23011 Barnett Falls Apt. 524\nWest Cameron, WY 52614	Deborahfurt	955-658-8107x92494
419	Hanson, Wilkerson and Lee	Supermarket	948 Evans Green\nLake Carol, GA 38897	Port Peter	759.535.5451
420	Snyder Ltd	Catering Service	04976 Harris River Apt. 880\nJosephland, CT 42183	Anthonyton	805-601-1161x98115
421	Glass Inc	Supermarket	USNS Mayer\nFPO AA 41836	Kylehaven	297.322.1309x74402
422	Wilson-Cook	Catering Service	005 Steven Club Suite 180\nRobertston, CA 27213	Smithfort	276-435-4585x5485
423	Serrano-Lopez	Restaurant	312 Hodge Center\nWest Stevenshire, KS 70989	South Justinborough	(225)688-7752x0658
424	Hart Ltd	Grocery Store	0749 Bowman Turnpike\nSouth Victoria, WA 89713	Richton	001-990-952-7428x406
425	Rose-Tucker	Restaurant	40207 Martin Stream Apt. 277\nWest Thomasside, IL 10256	Lake Alexis	(986)020-7916x11966
426	Cook-Rodriguez	Catering Service	06893 Sutton Meadows\nWest Janet, NM 26129	Taylorchester	718-514-8646x3588
427	Porter-Clark	Grocery Store	7685 Derek Mountains Apt. 112\nEast Donald, NV 08951	East Amymouth	(857)416-7459
428	Castillo, Nichols and Miller	Restaurant	3500 Anderson Tunnel\nSouth Jacqueline, TX 94101	Alexanderstad	084-323-1485
429	Olson, Johnson and Figueroa	Grocery Store	99198 Lisa Ranch Suite 190\nNew Arianaton, CT 16571	Lake Benjamin	001-990-205-7079x72906
430	Peterson, Davis and Serrano	Catering Service	3793 Jones Inlet Apt. 560\nAmymouth, VA 40417	West Thomas	4838442985
431	Barry-Bell	Grocery Store	6963 Roberts Street Suite 944\nRamirezside, ME 50685	West Jeffreyland	+1-188-325-8079x554
432	Meyer and Sons	Restaurant	08209 Eaton Streets Apt. 968\nSouth Laurenside, RI 88383	Carolchester	001-738-662-6338
433	Morris and Sons	Grocery Store	4573 Velasquez Brooks Suite 077\nNew Eric, MS 48382	Anthonyfort	4451031863
434	Kennedy-Johnston	Restaurant	72862 Matthew Prairie Apt. 637\nReidland, CA 77085	Nicoletown	(669)695-7079x59486
435	Davies, Salas and Clark	Restaurant	USNV Gonzalez\nFPO AE 52004	Port Leahfurt	779-969-0977
436	Brown and Sons	Restaurant	87132 Holland Hollow\nMirandamouth, IA 28722	North Christina	200.655.1498x63749
437	Carlson-Gray	Catering Service	235 Carroll Ways\nKaiserfort, AZ 12910	Lake Michaelchester	001-917-927-6401x030
438	Ortega Inc	Catering Service	9849 Newton Stravenue\nPort Andrew, LA 24512	Contrerasberg	399-519-7057x713
439	Porter, Sanchez and Fisher	Restaurant	02064 Carl Drive Apt. 966\nGonzalesville, NJ 58251	Bradleyview	130.001.1415
440	Martinez-Graham	Grocery Store	002 Jessica Pine Suite 278\nDavidville, NE 33218	Elliottberg	001-974-692-9262x419
441	Flores-Pope	Supermarket	595 Smith Bridge\nEast Kathybury, HI 61275	Chadview	001-318-564-6161x5712
442	Bell Inc	Catering Service	557 Richard Flat\nWest Willie, MN 30891	South Sarahville	703-343-4632
443	Strickland, Sims and Gray	Restaurant	USNV Peterson\nFPO AA 78656	New Crystal	311-338-5086
444	King, Schneider and Banks	Restaurant	4903 Hayes Neck\nSouth William, VA 09048	New Billy	+1-965-260-6135x55791
445	Waller-Nguyen	Grocery Store	324 Jones Drives Apt. 874\nChungland, SC 74447	Danaville	150.181.0420
446	Nichols-Barnes	Catering Service	PSC 0287, Box 6878\nAPO AP 95472	Port Richardshire	507-731-3315
447	Smith Group	Supermarket	PSC 0438, Box 0878\nAPO AE 55216	Lake Lindsay	(876)479-0500
448	Barton Group	Restaurant	535 Taylor Ford Suite 086\nMarystad, ID 13421	North Paulstad	(382)167-2183x377
449	Roberts, Griffith and Clark	Catering Service	585 Megan Crossroad\nKennethside, NJ 77196	Robertsonfort	001-103-215-0810x47791
450	Gibson and Sons	Catering Service	0835 Franco Common\nEast Martha, SD 01753	Grahamside	(804)688-7617
451	Hale Ltd	Grocery Store	0804 Adkins Valley Apt. 988\nNorth Alvin, MT 64482	Morganside	6627988559
452	Roberson, Marquez and Mcdowell	Supermarket	763 Lewis Springs Apt. 567\nStevenberg, DC 99917	New Erica	001-664-180-0480x4998
453	Moore LLC	Grocery Store	316 Clark Throughway Suite 810\nPort John, ND 69257	East Timothy	(305)756-5998x6969
454	Cruz, Branch and Pierce	Grocery Store	Unit 0162 Box 8564\nDPO AA 55163	South Lisabury	000.621.1526
455	Rios Group	Catering Service	58472 Snyder Squares\nPort Zacharyton, CT 67515	Madisonfort	003-727-0894x163
456	Simmons PLC	Grocery Store	7157 Denise Estate Suite 437\nPaulland, AR 99422	North Katelyn	(272)507-6150
457	Smith-Rodriguez	Restaurant	90439 Henderson Common Suite 037\nWest Paulport, AL 92938	South Linda	-6968
458	Smith Inc	Grocery Store	23176 Moore Viaduct Apt. 227\nSouth Racheltown, AR 68895	New Robertland	(260)635-1016
459	Brown Ltd	Supermarket	8358 Randy Mission\nMarkmouth, SC 03456	Castilloport	164.699.6716
460	Gutierrez, Anthony and Shannon	Grocery Store	6787 Jamie Fords Suite 103\nWademouth, IL 18159	Lake Justin	2924416283
461	Murray Inc	Restaurant	9576 Johnson Course\nFarrellport, IN 73821	New Hannah	291.605.6162
462	Sanders-Hutchinson	Restaurant	USNS Wade\nFPO AA 18533	Port Lauriechester	001-460-802-8118x0406
463	Carey-Ramos	Grocery Store	6431 Kelly Brooks\nWest Stephaniemouth, NV 75536	East Edwinburgh	178-837-6236x9304
464	Barber Ltd	Catering Service	9428 Garcia Loop Apt. 919\nAmberfurt, KY 73455	Port Jacob	001-045-508-9337x308
465	Terry Inc	Restaurant	447 Peterson Shore\nRamirezchester, VA 69602	Johnton	280-723-4101x315
466	Huerta PLC	Restaurant	6435 Moore Glens Apt. 887\nSouth Nicoleburgh, CT 31272	Lake Brendaland	001-914-311-6419
467	Wilson, Watkins and Moore	Catering Service	57044 Fisher Valley\nParkerland, ID 82897	Phillipsfort	782.944.0904
468	Alexander-Mendoza	Supermarket	08769 Colleen Mount Apt. 218\nTorresberg, TN 59083	East Johnburgh	596.249.3643x159
469	Sanchez, Mendez and Hill	Supermarket	03470 Cooke Cape Apt. 822\nSouth Michellemouth, MO 20350	Port Pamelaport	+1-371-882-7467x781
470	Bishop, Martinez and Robinson	Restaurant	0139 Cox Unions\nNew Ryan, ID 34556	Port Daniellechester	001-071-886-3052x2779
471	Allen, Ramsey and Cortez	Grocery Store	480 Bruce Run\nDennischester, CO 85895	Charlesmouth	594.468.5130
472	Roach-Wheeler	Restaurant	8571 Tonya Viaduct\nEast Pamelafurt, NM 42162	Rebeccaburgh	001-215-175-9576x5678
473	Fields, Bell and Ferguson	Supermarket	774 Smith Ridges Suite 425\nDavidsonshire, TX 01449	Ashleyton	431-737-8806x5808
474	Gonzalez Inc	Catering Service	0269 Sanchez Fields\nAlexanderfurt, AL 45894	South Nicole	679-305-8392
475	Henderson Group	Catering Service	655 Mallory Fork\nNorth Mary, WY 23835	Bentonfurt	854-929-8365
476	Leon and Sons	Catering Service	63135 Sonia Stravenue\nChungstad, MI 04689	Port Jerome	+1-210-177-5545x47003
477	Alvarado LLC	Supermarket	48690 Boyle Plaza Suite 271\nNorth Briantown, AK 84478	East Jacobchester	5915828492
478	Lopez, Roach and Roach	Catering Service	8319 Brandi Place Suite 155\nJamesbury, NC 87170	Lake Regina	001-785-448-3246x762
479	Lopez-Gonzalez	Restaurant	PSC 7602, Box 7270\nAPO AP 99047	Hamiltontown	(563)896-5959
480	Brooks-Mccarty	Catering Service	8686 Thomas Union\nEast Leonmouth, CO 18252	East Kevin	(297)995-3926
481	Madden, Burke and Norris	Restaurant	42593 Acosta Plain\nNew Molly, NC 37742	Owenschester	+1-237-950-6012x5247
482	Turner-Bell	Restaurant	413 Chapman Locks Suite 792\nPort Brucetown, HI 04419	Suzanneport	001-145-904-7946
483	Bates-Johnson	Catering Service	89427 Jennings Station\nSouth Donald, ID 37797	Millerview	001-721-708-9864x7257
484	Nelson-White	Restaurant	413 Atkinson Lodge\nSouth Michael, WY 43133	North Douglasfurt	001-558-380-9342x873
485	Baker-Mcdonald	Restaurant	290 Bowen Loaf Apt. 261\nGordonshire, ME 35368	East Andrea	933.503.6294x194
486	Murray, Fisher and Johnson	Grocery Store	6181 Ortiz Lane\nJoefort, NM 41365	Bridgetside	099-729-5682x02308
487	Frazier Inc	Supermarket	2265 Luke Streets\nSouth Emily, DE 29085	West Peterborough	001-577-052-9311x74815
488	Cordova-Hernandez	Restaurant	USNS Joyce\nFPO AA 64112	Stewartfurt	001-379-599-8238
489	Kelley-Brown	Catering Service	85392 Jackson Plain\nNorth Carrie, IL 86562	Port Erinton	405.865.9814
490	Johnston, Shelton and Sellers	Restaurant	76976 Myers Spurs Suite 680\nWest Katieville, NY 87868	Christianfurt	001-716-089-5283x110
491	Wilkerson-Woods	Supermarket	51520 Deborah Views Apt. 001\nMoranbury, VT 92348	Samanthabury	3597678978
492	Alexander Inc	Restaurant	76163 William Stravenue Apt. 727\nWest Pamela, MO 11674	North Stephanieville	001-571-446-5989x8076
493	Curtis Ltd	Supermarket	USS Molina\nFPO AA 14062	New Robert	126.286.0156
494	Anderson, Adams and Roberts	Supermarket	Unit 8792 Box 5188\nDPO AP 55807	New Denise	+1-941-120-2190x554
495	Barker, Gibbs and Lopez	Supermarket	518 Francis Estates Apt. 955\nGonzalezhaven, DE 36339	Brownshire	8977010648
496	Young-Jackson	Catering Service	4444 Sharp Hollow\nTimothymouth, AR 56543	West Daniel	011.721.1555x539
497	Sparks-Berry	Catering Service	72131 Walter Radial Suite 498\nPort David, ND 60911	Chelseyfort	867.938.9153x710
498	Jones, Ortega and Rubio	Grocery Store	61516 Villarreal Lights\nSouth Ashleymouth, OH 60424	East Craig	(993)551-7736x1457
499	Blankenship-Lewis	Catering Service	883 Lee Alley\nEast Robertview, MI 64109	Jonathanstad	651-552-2403
500	Harris Group	Catering Service	230 Brown Courts\nWest Cory, TX 94355	Levytown	001-077-563-1726x39015
501	Davis-Kennedy	Grocery Store	609 Jackson Cliffs\nLake Johnside, ID 47134	Jordanhaven	598-048-5675
502	Mcdaniel-Bates	Supermarket	2198 Alexis Passage Apt. 287\nSylviaville, MN 08405	Liberg	(398)855-7507x166
503	Abbott-Robinson	Restaurant	PSC 1306, Box 2371\nAPO AA 44403	Joseville	449-700-6900x46176
504	Small Ltd	Catering Service	85125 Deanna Garden\nNew Sherry, IL 97694	Gaineschester	1943075475
505	Sutton, Day and Brooks	Restaurant	PSC 0203, Box 6449\nAPO AA 03081	Chelseaside	-8571
506	Davis-Glenn	Catering Service	94687 Debra Motorway Suite 487\nSteinport, OK 46407	Tylerton	519-068-6168
507	Rojas-Cook	Grocery Store	397 Ruth Track\nSouth Alyssa, NE 98089	Lake Diane	+1-019-312-8887x18286
508	Goodwin, Acosta and Chan	Restaurant	81662 Lawrence Mountains Apt. 545\nSarahstad, ND 47525	Walkerfurt	001-076-856-9568x65782
509	Roth-Mathews	Grocery Store	Unit 2793 Box 6632\nDPO AP 04112	Cordovaborough	(032)688-9162
510	Lozano-Miller	Restaurant	590 Michelle Brooks Apt. 406\nDanielburgh, TN 15283	Adamsview	001-281-026-8022
511	Mitchell PLC	Grocery Store	1968 Todd Via Apt. 855\nSouth Melissa, MN 02718	Port Davidshire	001-534-826-6584
512	Taylor-Lyons	Grocery Store	816 Jackson Union\nWest Matthew, NM 60621	Port Timothystad	001-846-553-1363
513	Cruz, Murphy and Santos	Catering Service	7859 Derek Center Apt. 703\nLake Yvonne, AR 23556	West Larry	001-070-676-6757
514	Roy-Hancock	Supermarket	203 Dawn Ridge\nLoganshire, SC 01665	Maxwellburgh	(186)046-9157
515	Bowers, Gonzalez and Simmons	Restaurant	096 Jonathan Unions Suite 804\nSouth Angelaburgh, NM 97882	Snyderton	+1-401-191-5365x80259
516	Raymond, Kelly and Yates	Catering Service	8919 Natasha Tunnel\nJacksonburgh, MO 07674	New Aaronberg	(590)421-4384
517	Porter Inc	Grocery Store	459 Allen Valleys\nHoside, WV 99671	Wadeville	888.141.3309x17466
518	Hill, Davis and Stewart	Grocery Store	6315 Jonathan Views Suite 276\nJerryhaven, TX 90986	Anneville	+1-608-953-5542x841
519	Smith, James and Alvarado	Restaurant	1886 Warner Fall Apt. 545\nNew Codyport, LA 47509	Keithburgh	4873246566
520	Jackson, Miller and Porter	Catering Service	8021 Erin Trafficway\nNew Jamesport, TX 78396	Port Andre	257-230-5531
521	Kim LLC	Grocery Store	5405 Cameron Trace\nKennedyton, NV 57074	Deanport	247.423.7138x621
522	Davis, Maldonado and Palmer	Grocery Store	2622 Kimberly Port Suite 775\nDanielland, NE 08014	Torresfort	861.571.1349x26120
523	Roberts, Howard and Bender	Restaurant	67885 Avila Crossroad Suite 550\nAnthonymouth, WY 53169	Lake Lorrainefort	+1-414-385-0073x51267
524	Torres Ltd	Grocery Store	7676 Estes Harbor Suite 218\nBrandonmouth, SC 41497	West Amandafurt	(283)833-1998
525	Phillips Inc	Supermarket	560 Long Mill\nLake Caitlin, CT 60702	Lake Carlos	(182)626-5112
526	Harrington, Jimenez and Carr	Supermarket	7266 Alvarez Junctions Suite 564\nNew Robertfort, MT 85213	South Tylerstad	154-764-8062
527	Moran, Mcmillan and Jones	Supermarket	13859 Brandon Burg Suite 195\nJamesshire, KS 72927	Bonillahaven	001-261-466-0296x4350
528	Baird PLC	Supermarket	10521 Jared Mill Suite 659\nMccormickhaven, MO 07533	Markport	001-930-122-6265x199
529	Macdonald, Hale and Garcia	Grocery Store	26656 April Cliffs Apt. 770\nTerriville, NV 90626	Dannybury	-11198
530	Spencer, Eaton and Young	Catering Service	904 Freeman Lodge Suite 905\nLake Stephanieshire, NE 73215	Johnstonhaven	808.707.2502x64682
531	Miller Ltd	Catering Service	5262 Roy Village\nJonville, HI 04740	North Kylestad	(648)470-0469x880
532	Johnson-Green	Grocery Store	7369 Kenneth Haven\nAndrewborough, UT 47985	Darrylchester	001-090-513-0319x965
533	Daniel, Schroeder and Morse	Catering Service	71684 Campbell Stravenue\nGarrettside, HI 68372	Rogersmouth	+1-753-153-8390x0816
534	Elliott LLC	Restaurant	16795 Anderson Hill Suite 956\nCurtishaven, MS 95388	South Kayla	4896850451
535	Hill PLC	Grocery Store	8470 Brandon Extension\nNorth Rhondastad, AK 50332	Valdezborough	+1-157-982-5008x743
536	Johnson-Farley	Restaurant	721 Rivera Spurs\nMoorebury, WV 76648	South Donald	(969)280-5722
537	Jones Group	Restaurant	3828 Williams Lake\nBrownshire, OR 72935	Callahanside	(104)313-7701x468
538	Beck Inc	Restaurant	102 Jackson Plaza Apt. 330\nNorth Meganborough, NC 67139	Jasonmouth	963-484-4775x327
539	Smith-Thomas	Restaurant	682 Samantha Ranch Apt. 661\nEast Patricia, NM 14216	Watsonton	962.444.4824x7142
540	Randall-Wagner	Catering Service	9517 Adrienne Valleys Suite 015\nSouth Jennifer, ME 25672	Henrychester	427.635.9668x1254
541	Lewis-Deleon	Catering Service	PSC 3880, Box 0574\nAPO AE 02776	West Karen	399-298-6885x917
542	Pitts, Johnson and Humphrey	Supermarket	9653 Benjamin Prairie Apt. 866\nWilcoxtown, OK 40953	New Johnfurt	001-818-934-0059x74196
543	Nelson Inc	Catering Service	Unit 9087 Box 7118\nDPO AP 47666	East Jennifer	(590)329-6474x36645
544	Johnson, Wheeler and Fischer	Catering Service	117 Mclaughlin Stream Apt. 161\nWest Jose, UT 58322	Richardton	824.788.6573x954
545	Williams-Flores	Restaurant	3389 Joshua Landing Suite 758\nMillsborough, MT 99216	Kellyberg	001-136-581-9633x2801
546	Gardner, Garcia and Valenzuela	Restaurant	41140 Julie Springs Suite 485\nWest Tammy, HI 01981	New Wendymouth	818-660-2603x90477
547	Walter, Gonzales and Potter	Restaurant	77735 Parsons Underpass Apt. 969\nJillberg, NH 89270	Batesstad	2616749124
548	House, James and Miller	Supermarket	52465 Danielle Forge Suite 949\nWalterschester, CT 88915	Lisamouth	070-175-5725
549	Doyle, Clark and Campbell	Catering Service	USS Howard\nFPO AP 75180	East Deborah	205.237.3375
550	Phelps, Graham and Hayes	Catering Service	59138 Sherman Light Apt. 256\nRossside, ND 89271	Timothychester	(512)814-0594x96653
551	Holland, Caldwell and Oliver	Restaurant	7502 Silva Lights Apt. 125\nNorth Brittany, MA 40389	East Sandratown	(670)960-9465
552	Schwartz, Holland and Mccarthy	Catering Service	19727 Luke Wall\nJacquelinetown, ME 38666	Pearsonchester	001-486-894-6733x80522
553	Schultz, Gross and Morrow	Supermarket	904 Caitlin Harbor Suite 165\nPiercemouth, MI 67261	North Marthaton	291-421-3869
554	Jackson Ltd	Restaurant	325 Becker Pass\nWest Bobshire, MT 42103	Brandyberg	920-705-5617x44135
555	Valencia, Floyd and Jordan	Grocery Store	755 James Greens Apt. 111\nSouth Thomaschester, MT 65536	South Brenda	864.386.4484x7247
556	Reyes, Houston and Esparza	Catering Service	60546 Amanda Canyon\nHolmesmouth, ME 97812	Brittanyland	7525269578
557	Smith PLC	Restaurant	USNS Riley\nFPO AA 59840	East Aaron	911-068-2655x53558
558	Beck Group	Catering Service	0291 Williams Harbor Suite 127\nHooverchester, ID 89542	North Sharonberg	-1540
559	Young, Moran and Morris	Catering Service	0953 Davis Well Apt. 329\nWest Maurice, NC 31745	New Baileyfort	+1-750-812-7169x04781
560	Cunningham-Wyatt	Supermarket	5900 Mccullough Mountain Apt. 363\nKristineland, NV 53404	East Donnafort	+1-699-003-9200x964
561	Smith, Walker and Jackson	Supermarket	84921 Donald Ferry\nNorth Matthewburgh, NV 11482	Kennedychester	868.068.0443
562	Perez-Green	Supermarket	Unit 1288 Box 5043\nDPO AA 72184	Lake Lauren	+1-328-140-9873x0223
563	Daniels-Kim	Grocery Store	002 Donald Glen Suite 515\nEdwardschester, OR 44523	East Angela	787.621.3654x1971
564	Bates, Owen and Wade	Restaurant	37725 Robert Fields\nCombshaven, NH 44196	Jenniferview	+1-368-625-0736x9988
565	Blair-Randolph	Supermarket	5884 Watson Road Suite 731\nWest Markstad, AR 53880	Steventown	(741)725-2742x04495
566	Cole-Stein	Catering Service	782 Flynn Plaza\nNorth Francesburgh, KY 21221	New Rachel	(322)115-7175x12748
567	Clark-Taylor	Catering Service	32917 Lopez Coves Apt. 669\nNew Charles, PA 87343	Jonathanstad	3857327137
568	Smith, Wilson and Johnston	Supermarket	1103 William Forks\nSouth Deniseland, OH 08168	Ericfort	(553)986-1219x532
569	Booker Ltd	Grocery Store	1780 Crystal Turnpike Suite 052\nSouth Brandi, OH 87518	South Russelltown	001-391-794-1009x585
570	Jones, Calderon and Finley	Supermarket	213 Rodriguez Club Apt. 768\nMurphyhaven, ND 27372	Lake Vanessa	001-277-343-9322x828
571	Rosales-Stevens	Restaurant	9093 Stephens Unions\nCarterton, OK 67250	Baldwinshire	4438358279
572	Shaw Group	Supermarket	PSC 8369, Box 1372\nAPO AP 87487	Lake Cathy	+1-168-522-2184x289
573	Nelson Ltd	Supermarket	655 Debra Flats\nSouth David, KY 13041	New Thomasmouth	(337)139-2882x85414
574	Gonzales LLC	Supermarket	63164 Patrick Trail Apt. 033\nDavidville, MT 01979	New Larry	054-195-4248x7901
575	Martinez and Sons	Catering Service	48185 Jasmine Villages\nZimmermanhaven, MN 53468	Johnport	5200035934
576	Townsend Inc	Catering Service	39437 Alejandro Path Apt. 765\nOlsonview, MS 29423	East Emilyburgh	001-820-820-2213x469
577	Taylor-Matthews	Catering Service	073 Cathy Trail Apt. 793\nNelsonfurt, NY 98042	Lake Donna	864-725-3991x8612
578	Vega Ltd	Catering Service	14352 Adkins Freeway Suite 515\nSouth Katherineland, WV 05793	Port Carrie	829-056-6503x5701
579	Young-Bennett	Catering Service	407 Nathan Passage Suite 620\nEast Robert, NH 29961	Meyersland	001-345-350-3885
580	Mitchell-Hunt	Restaurant	113 Lacey Hollow Apt. 525\nHarringtonmouth, ND 62225	Richardfort	036-179-5013x18052
581	Smith-Wilkins	Grocery Store	219 Cook Mews Suite 667\nTurnerbury, GA 42760	West Phillip	(577)557-7490x4585
582	Wilkerson and Sons	Grocery Store	546 Krause Drive Suite 554\nWest Kristenborough, GA 43703	West Dannyland	337.240.9406
583	Martin-Wright	Catering Service	45525 Ronald Forks\nMauricestad, ID 75984	Marcstad	(870)723-3756x318
584	Sanders-Hale	Supermarket	41546 Frank Islands\nLake Reginaldberg, AR 06319	Moralesside	+1-625-938-4941x95891
585	Warren Group	Grocery Store	1956 Moreno Plains Apt. 468\nTrevorfort, LA 26796	Port Donnaton	756-246-6838x5142
586	Wilson PLC	Supermarket	6412 Suarez Meadow\nLake Frank, UT 86790	Jonesport	-706
587	Davis, Cruz and Schaefer	Restaurant	6913 Duarte Points Apt. 445\nRamosside, IL 10904	Lake George	4142908031
588	Collins, Oconnor and Blake	Grocery Store	232 Pollard Shores\nDonaldmouth, TX 19845	Vazquezland	001-491-899-7575x46954
589	Boyd, Padilla and Simpson	Restaurant	95686 Franco Mountains Suite 475\nNorth Larry, WI 78578	Morganhaven	694-875-6150
590	Adams-Young	Grocery Store	11551 Lisa Rapids\nLesterhaven, IA 88565	Richchester	-6949
591	Miller Inc	Grocery Store	338 Robertson Crossing\nMonicaborough, AK 65253	New Leslieport	954-049-4239
592	Chan PLC	Restaurant	27777 Stephanie Plains\nJasonhaven, RI 35762	North Brendaborough	001-777-423-2427x587
593	Spencer, Gibson and Arias	Grocery Store	04212 Gonzalez Shoals Suite 814\nStephenton, MO 69807	Tammyside	525.724.0172x690
594	Phillips-Moore	Grocery Store	973 Timothy Springs Apt. 259\nLake Samanthaport, MA 95198	Lake Monique	583-316-8147
595	Knox and Sons	Grocery Store	PSC 6513, Box 7743\nAPO AP 22827	Port Matthew	967.217.8511x139
596	Barnes, Castro and Curtis	Restaurant	0998 Mcintyre Row Apt. 105\nNorth Crystal, KY 62420	Zimmermanville	507.577.7566
597	Brown LLC	Supermarket	8055 Angela Shoals\nJoshuamouth, FL 70099	Karentown	2169420064
598	Barron-Casey	Restaurant	1514 Ward Extensions Apt. 499\nJasonmouth, SD 17571	South Sarastad	001-624-296-3440x099
599	Gomez LLC	Restaurant	388 Zuniga Trail Suite 934\nJodiburgh, DC 27839	Carlborough	087-853-4529x913
600	Green LLC	Catering Service	898 Michael Mall\nEast Randy, RI 35381	Meganshire	659-948-4636
601	Owens-Johnson	Catering Service	1058 Kimberly Locks\nPort Emily, IL 57473	Port Troychester	(051)220-5307x61376
602	Cole LLC	Grocery Store	USS Zhang\nFPO AP 50279	North Destiny	001-078-379-8075x2377
603	Waters-Bass	Restaurant	1890 Jeremy Road Suite 876\nRobertborough, DC 41078	West Stephen	708.632.3778x183
604	Cook Inc	Supermarket	2181 Heather Plain\nMillerville, NJ 64347	New Lisa	+1-439-023-8330x00528
605	Maddox PLC	Catering Service	20566 Aguilar Road Suite 772\nNew David, FL 55621	West Tylerberg	0841228942
606	Freeman, Decker and Johnson	Grocery Store	6294 Gregory Throughway Suite 517\nWest Marychester, NM 35832	North Nathan	290-849-5446x412
607	Mclean, Lopez and Stephens	Supermarket	1800 Robert Drive\nWest Shannonton, GA 52400	Shawnborough	357.864.2606x99209
608	Love-Montgomery	Grocery Store	36635 Lang Fords Apt. 863\nSouth James, FL 70248	Collinsmouth	164-269-8070
609	Torres-Dunlap	Restaurant	Unit 1623 Box 5952\nDPO AA 55518	South Christopherborough	057.342.1300x473
610	Kelly, Cummings and Ward	Supermarket	Unit 4632 Box 7131\nDPO AP 21204	Allenton	795.078.7850
611	Williams-Manning	Supermarket	99495 Cook Fork Apt. 475\nNorth David, WA 68629	Port Kendraborough	001-050-248-0430x1092
612	Dickerson, Mason and Lyons	Grocery Store	88934 Alexander Loaf Apt. 456\nWest Jason, IN 36932	Kimberlychester	(339)492-9049x5615
613	Cross and Sons	Grocery Store	0635 Kathy Mountain Suite 592\nGriffithville, CT 03000	Petersonburgh	2499148837
614	Morris, Mcpherson and Edwards	Supermarket	2570 Frost Green Apt. 854\nWest Rachel, MA 88616	Robertshire	526.766.1952x181
615	Smith LLC	Grocery Store	0172 Andrew Mall Suite 480\nLake Karaland, MA 41959	New Josemouth	1288966674
616	Moore-Flowers	Restaurant	57451 Davis Port Apt. 531\nEast John, CT 19104	Clarkberg	(256)326-8681x6129
617	Willis-Luna	Restaurant	3122 Torres Stravenue\nRamosborough, AZ 89701	East Jennifer	001-178-628-5939
618	Gross and Sons	Restaurant	PSC 7998, Box 2478\nAPO AE 45856	Murphyberg	001-199-056-3101x42375
619	Hopkins, Mora and Green	Grocery Store	036 Valerie Land\nGarzashire, WI 83113	North Katelynland	001-965-519-2456x24569
620	Jenkins-Hughes	Restaurant	70040 Nicholas Tunnel Suite 144\nPort Gwendolyn, UT 81199	New Jason	295-810-0522x881
621	Chan Group	Supermarket	5632 Katie Forks Suite 162\nWest Markfurt, AR 19503	Sarahland	+1-119-104-8140x852
622	Chang, Estrada and Peters	Catering Service	86159 Mark Track Suite 676\nTurnermouth, IA 56857	East Annshire	8503009206
623	Williams Inc	Supermarket	8908 Rich Road\nMarvinfurt, MT 26167	Latoyaberg	(031)347-8261
624	Mendez, Jones and Montgomery	Grocery Store	530 Michael View\nBurtonview, NJ 13987	New Kevintown	4804280968
625	Whitney-Fields	Grocery Store	643 Morgan Rapids Apt. 181\nLake Susan, RI 01256	East Lisa	399-479-4880x0272
626	Trevino Ltd	Supermarket	5019 Johnson Extensions Suite 914\nHarrismouth, KS 80788	Heathermouth	022.305.4697x8681
627	Carson, Hernandez and Sherman	Restaurant	104 Cooper Roads Apt. 707\nJenkinsfurt, AZ 27878	Nathanielbury	174-998-7187x9074
628	Hunter, Bell and Griffin	Catering Service	146 Jonathan Skyway Apt. 608\nWilliamsland, MD 48062	Port Jillian	(208)474-0382x28468
629	Nelson and Sons	Grocery Store	9591 Hess Terrace\nNew Kylie, NV 59106	East Joseph	001-606-385-9319x781
630	Mathews-Harrison	Catering Service	2849 Harris Views\nSuarezberg, AZ 03015	West Matthew	278.410.3369x739
631	Mueller, Savage and Hudson	Supermarket	959 Joseph Square Apt. 513\nLake Jennifer, IL 84011	North Kevinhaven	(995)505-1664
632	Oliver, Ross and Johnson	Supermarket	24971 Stephanie Manors Suite 735\nEast Jessemouth, SD 28563	Davidville	001-179-898-4092
633	Andrade, Gross and Wallace	Grocery Store	USNS Brewer\nFPO AE 48783	Fisherstad	001-127-426-5890x378
634	Morgan-Blackwell	Supermarket	5801 Duncan Shoals\nWest Rachel, TX 93833	Colemanton	(254)215-9233
635	Ingram PLC	Catering Service	270 Suzanne Mountain\nEast Jason, FL 72390	South Jeffery	363-940-3078x14194
636	Carroll-Stanley	Grocery Store	Unit 2028 Box 0350\nDPO AP 33410	West Omarside	849.339.1687x68179
637	Rodriguez LLC	Grocery Store	32957 Davis Squares Apt. 352\nPort Teresa, TX 28764	East Williamshire	001-157-833-7008x08964
638	Patterson Inc	Restaurant	440 Donald Corner Apt. 571\nSandraberg, VA 54153	Jeffreyport	019.231.7207
639	Chandler-Roberts	Supermarket	0090 Jerry Viaduct\nLake Suzannechester, GA 84592	Richardsonhaven	(671)036-0993x233
640	Cook, Jackson and Griffith	Grocery Store	45823 Wright Point Apt. 175\nMorrowbury, SC 14712	West Tinamouth	496.170.0536x12668
641	Burns-Smith	Supermarket	337 Leblanc Lodge Apt. 412\nMarkburgh, NM 79330	Tammyside	-939
642	Woodward-Jensen	Catering Service	USCGC Ewing\nFPO AP 42279	Lesterstad	432-670-6542x60306
643	Dixon LLC	Supermarket	11321 Nicholas Estates Suite 016\nLeeland, LA 25575	North Ebony	+1-283-422-5540x00555
644	Walsh-Jones	Restaurant	1201 Jesus Port\nWest Alicia, MI 39222	Sandersshire	327-092-6148
645	Herrera, Clark and Brown	Catering Service	USNS Moore\nFPO AE 50173	Durhamchester	840-466-6667x82987
646	Yates-Avery	Restaurant	7398 Arnold Parkways Suite 894\nSouth Anthony, NC 58831	Scotthaven	410.531.7418
647	Hayes Inc	Restaurant	196 Emma Ville\nSouth Lisaside, CT 21368	West Kara	423-402-5949x4533
648	Sanchez-Cummings	Restaurant	39631 Bruce Unions\nKaitlynside, NM 86509	Lake Xavierburgh	280-986-1102x593
649	Brown and Sons	Restaurant	962 Carla Villages Suite 460\nNorth Johnstad, WV 97942	Lake Benjamin	001-124-313-6789x492
650	Pugh Group	Restaurant	53593 Andrew Vista Apt. 903\nMartinfurt, KY 87501	Garzaville	+1-089-261-9866x15160
651	Robinson and Sons	Supermarket	51806 Natalie Throughway Apt. 212\nSouth Alyssa, MA 55906	North Lisamouth	+1-199-421-8051x664
652	Sullivan-Golden	Catering Service	272 Linda Drives\nAvilaland, AK 39073	Port John	101.936.1050x09281
653	Perry, Perez and Carter	Catering Service	178 Randy Fords\nEast Chadton, TX 86183	Cameronside	085.588.5857
654	Hunt, Lee and Winters	Supermarket	310 James Locks Suite 685\nChenfurt, OK 58448	Derekland	-4809
655	Smith Group	Restaurant	USCGC Meyer\nFPO AP 46538	Jimmyberg	694.134.6616x8811
656	Henry PLC	Restaurant	10897 Duncan Manors Apt. 117\nWhitneyshire, IA 92311	South Tiffanyfort	104.576.7855x2145
657	Carpenter-Wright	Supermarket	2253 Paul Circles\nTaylorland, CA 85679	Davidland	001-482-381-7341x4903
658	Collins Inc	Catering Service	40526 Arthur Summit\nFernandofurt, DC 13182	North Ravenfurt	+1-871-495-2866x10181
659	Callahan-Olsen	Restaurant	Unit 8901 Box 2688\nDPO AP 76819	East Lori	479-524-3396x53216
660	Little-Novak	Catering Service	3955 Kerri Wall Suite 470\nSouth Juan, OH 39390	Michellechester	827.194.9818x2685
661	Rowe PLC	Grocery Store	1614 Mayo Stravenue\nKaiserville, AR 87652	Lake Donaldchester	+1-845-011-4333x510
662	Morris, Mcintyre and Austin	Supermarket	9972 Katherine Pike Apt. 731\nMendozaborough, ND 13509	Port Lesliebury	001-095-950-5858
663	Davis-Lutz	Supermarket	57240 Jennifer Port\nPort Aaronland, SC 20896	New Joshuamouth	(598)537-6895x39918
664	Caldwell PLC	Catering Service	07281 Daniel Viaduct\nGabrielmouth, OK 76168	Jeffreyshire	+1-608-327-2565x3004
665	Ortega-Webb	Catering Service	62621 Mikayla Hollow Suite 797\nMelendezview, ME 58412	West Billborough	001-646-036-9173x42885
666	Hopkins and Sons	Supermarket	PSC 9032, Box 8873\nAPO AA 93892	Lake Lisa	(258)062-6080x783
667	Bailey, Burke and Green	Supermarket	738 Reed Branch Suite 823\nWilliamsfurt, MO 25272	Estradafort	(190)730-8257
668	Williams, Simpson and Waters	Grocery Store	6223 Bailey Knoll Suite 714\nNorth Natashatown, IL 23650	Salinasville	9364930023
669	Fox Inc	Supermarket	4029 Peter Locks\nFisherstad, UT 42054	New Heidi	623-439-6993
670	West-Reilly	Supermarket	756 Megan Ranch Apt. 775\nPort Jeffery, IL 94423	Lake Jaclyn	573.885.9975x59706
671	Sanders and Sons	Grocery Store	0805 Nicholas Oval Suite 499\nNew Randy, WI 52774	North Catherine	+1-308-986-2848x196
672	Ferguson, Henderson and Watson	Catering Service	89711 Cassandra Overpass\nWilliamchester, AZ 28267	North Mariahchester	351-379-8297x4923
673	Reynolds Group	Restaurant	7279 Joseph Ramp\nPort Shawnborough, GA 33669	New Connorfort	-2698
674	Reid-Johnson	Restaurant	3607 Williams Canyon Suite 553\nEast Marcmouth, DC 84269	Anthonyhaven	071-461-6662x422
675	Stevens-Lopez	Grocery Store	52096 Jeremy Place\nAmbertown, AL 54808	Peterhaven	234.858.2605x778
676	Osborne LLC	Catering Service	448 Thompson Creek\nWest Diane, WV 52163	Lake Jasmin	+1-340-436-8105x510
677	Gonzalez, Dunn and Oconnell	Grocery Store	778 Richard Glen Suite 654\nCassandrafort, CA 25549	Williamsmouth	+1-605-449-8141x1518
678	Ruiz-Oneal	Grocery Store	934 Kelsey Shoals\nTiffanyburgh, IL 56636	Lake Travis	(569)363-0118
679	Owens, Johnson and Anderson	Supermarket	1837 Johnson Forest\nDavisberg, CA 26735	Lake Gary	849.051.1399x70295
680	Chavez-Grimes	Grocery Store	507 Johnson View\nGarnerville, GA 24621	Hillburgh	001-831-449-3638x4631
681	Todd-Jackson	Supermarket	184 Gregory Fort Apt. 518\nNorth Glenn, OR 97758	Darrellfurt	460.659.0802
682	Clark Inc	Supermarket	896 April Underpass Apt. 635\nCamachoberg, OK 17853	Leonardborough	260.187.2522x030
683	Pratt Ltd	Grocery Store	2440 Bauer Drive\nWellsstad, PA 54419	Christinetown	001-318-035-8959x2452
684	Davis, Hardin and Merritt	Grocery Store	USNV Calderon\nFPO AP 80186	Jimmymouth	864.590.0521x094
685	Scott and Sons	Supermarket	320 Justin Centers Apt. 436\nWest Carrieside, ND 53538	Maysside	001-085-825-1185x328
686	Collins, Hughes and Palmer	Grocery Store	28395 Mueller Cliffs Apt. 231\nLake Kelly, MN 69836	South Kellyland	001-724-756-5697x7877
687	Mcdonald-Howell	Catering Service	93955 Mann Pines\nPort Stevenbury, PA 67605	North James	504-183-2400x84016
688	Chen, Walker and Fisher	Grocery Store	1585 Price Mountains Apt. 462\nPort Jessicashire, GA 79191	Pamelaburgh	001-121-682-5654x2822
689	Rodriguez, Robinson and Conway	Catering Service	4059 Jenkins Ports Suite 961\nNorth Colleen, AZ 95737	Holtmouth	835.650.9674
690	Valenzuela-Garrett	Grocery Store	824 Harold Heights\nEvansborough, MA 43364	Lake Cheryl	+1-552-433-1217x647
691	Obrien, King and Robinson	Restaurant	560 Diane Place\nNorth Carla, SC 62821	Youngchester	+1-513-264-8229x419
692	Rocha, Johnson and Dunlap	Supermarket	31552 Jodi Motorway Suite 547\nAllenport, AR 98936	South Andrewport	-5994
693	Salazar PLC	Restaurant	384 Allison Ports\nNorth Rachel, CT 22924	Raybury	180-591-9657x697
694	Avery PLC	Supermarket	679 Quinn Rapid Apt. 934\nJoyborough, WY 99210	Amandashire	589.122.1214x989
695	Fox-Perez	Supermarket	Unit 3530 Box 4051\nDPO AA 84294	Hayesville	(418)506-2217x0513
696	Bishop-Singleton	Grocery Store	076 Matthew Center\nSouth Jasonbury, NH 86592	Davidville	001-687-501-8347x2632
697	Rodriguez, Thomas and Foster	Restaurant	792 Mathews Course Suite 808\nKevinmouth, MD 24910	Padillatown	564-331-0431
698	Hawkins-Novak	Grocery Store	2372 Jessica Lake\nLake Tamara, NY 49712	Phillipsmouth	961.144.7736x679
699	Carr Group	Grocery Store	1873 Jeffrey Prairie Suite 484\nNorth Chadmouth, OH 55679	Jamesport	+1-334-811-0634x6842
700	Webster and Sons	Supermarket	9427 Jones Ridges Suite 824\nSouth Brendan, CT 19533	Morriston	161.555.4218x17236
701	Pearson-Barry	Restaurant	9596 Adam Trail Apt. 428\nLake Christopherburgh, TX 14456	Browntown	+1-132-394-9769x75463
702	Moreno-Melton	Supermarket	88171 Teresa Station\nNew Shane, UT 53712	Lake Mistyton	001-098-297-7862x776
703	Pierce Group	Catering Service	87040 Smith Lodge\nNew Robertbury, DE 31100	Lake Jamestown	+1-843-457-7096x3283
704	Bush-Murray	Restaurant	2389 Evans Courts\nEast Laurabury, MS 75092	Galvanfurt	799.618.3759x874
705	Brown-Stephens	Grocery Store	61032 Espinoza Road\nEast Ronaldburgh, IA 34355	East Robert	119.114.6136x472
706	Hughes PLC	Supermarket	94788 Garcia Ports Suite 459\nWest Michellestad, MT 79129	Sarahview	556.413.4567x3854
707	Peterson, Lee and Moore	Supermarket	439 Dana Vista\nNorth Tracyton, TN 34903	Laurietown	710-623-8778x66342
708	Cruz-Morrow	Catering Service	278 Kevin Vista Suite 607\nJessicaville, NE 43011	West Elizabethport	537-625-7293x22343
709	Barry Group	Restaurant	632 Wong Place\nWest Shane, CO 27966	South Kathryn	+1-533-592-0009x5523
710	Adams-Meyer	Catering Service	61134 Steve Expressway\nNew Cindy, SC 37620	Mikaylachester	+1-334-757-0819x808
711	Jenkins Group	Supermarket	7213 Johnson Glen Suite 222\nNorth Lauren, NY 58260	Lake Larry	001-493-150-3730x13002
712	Payne Inc	Restaurant	9339 Jackson Spur\nWilliamsshire, ID 32726	Huberstad	001-148-921-4043x467
713	Bell-Newman	Grocery Store	59464 Conner Lake\nNorth Gracechester, AR 71191	Smithmouth	(239)435-1256
714	Ramos Group	Catering Service	2242 Olivia Grove\nHaileymouth, NH 71518	North William	727-987-0431x177
715	Reyes-Stewart	Restaurant	PSC 8297, Box 4959\nAPO AA 73797	South Jason	550-821-0945
716	Wright-Hogan	Catering Service	67942 Butler Stream Apt. 519\nWest Terrichester, NV 43420	North Ryan	001-280-488-8210x18348
717	Shepherd and Sons	Catering Service	533 Peters Locks Suite 995\nWest Mindyhaven, MS 87079	Pamelaberg	-10318
718	Livingston Inc	Restaurant	451 Smith Orchard Suite 751\nEast Rebecca, VA 23186	Port Victoria	-8411
719	Graham PLC	Restaurant	718 Christina Fall\nNew Martinville, WV 97137	East Cynthia	743.262.1457x01922
720	Page, Smith and Davis	Restaurant	065 Mary Estate Apt. 886\nNorth Jessica, NY 33169	Francisshire	921-470-8846x3047
721	Randolph-Bauer	Catering Service	117 Kayla Ramp Suite 638\nJenniferstad, MS 30328	Port Staceymouth	2885719618
722	Young-Luna	Restaurant	42661 Harris Motorway Apt. 610\nGarrettville, OH 22338	Linchester	001-367-389-8038x71593
723	Butler-Phillips	Supermarket	USNV Gordon\nFPO AP 25294	Jessicaland	+1-366-362-7376x557
724	Thompson Ltd	Catering Service	7872 Davis Corners Apt. 807\nEast Christopherhaven, MO 74535	Port Juliafort	+1-901-692-0561x8582
725	Nguyen, Chan and Brown	Grocery Store	6755 Lindsay Port\nAllenland, LA 52111	New Evanport	747-692-4848x020
726	Hancock-Jackson	Supermarket	75914 Smith Freeway\nBurnsshire, KS 10093	Shortfurt	001-769-864-0777x950
727	Rowe-Chen	Supermarket	304 Leslie Key\nMiddletonfurt, IN 01285	Aguirreville	8228891240
728	Cruz and Sons	Supermarket	844 Smith Inlet\nChristinechester, OH 87700	South Allison	(169)675-2870x74675
729	Bennett Inc	Grocery Store	699 Ricardo Knoll\nJeffreyside, CT 99334	Lake Nathan	+1-440-639-2296x544
730	Arroyo-Henderson	Supermarket	5364 Young Radial Apt. 906\nLake Kelly, NH 41322	Benjaminstad	(313)019-6078x8326
731	Ayers-Lewis	Grocery Store	908 Frazier Estates\nWest Travis, KY 18812	East Christophertown	001-823-662-3501x58107
732	Mendoza LLC	Supermarket	07376 Joe Locks Apt. 174\nLake Joseside, MO 10326	Ginaview	636.763.0459x119
733	Hall-Bailey	Catering Service	55243 Harris Falls Suite 091\nElizabethfort, VA 00788	North Bethanyville	001-857-024-2547x71955
734	Patterson-Collins	Catering Service	507 Kelly Plain Suite 072\nSouth Christopher, CA 06744	Port Anita	+1-466-124-4012x842
735	Koch Inc	Restaurant	97748 Anderson Port\nAudreyberg, TN 75408	Westmouth	(972)427-3809x5165
736	Reed LLC	Supermarket	9132 Garcia Estates\nNorth Carolynshire, TX 77749	East Anthony	427.554.1262
737	Ballard, Stanley and Hill	Restaurant	USCGC Holt\nFPO AA 27710	Port Andrea	409.995.2073x69158
738	Combs Ltd	Grocery Store	1020 Murray Gateway\nSmithton, HI 44207	West Kelli	167.486.0883
739	Jacobs PLC	Grocery Store	293 Vernon Garden Apt. 024\nTiffanymouth, KY 89919	Markborough	(024)341-5235x050
740	Cunningham Ltd	Catering Service	46457 Alvarado Mews Apt. 640\nTerrymouth, VT 01681	Port Marissachester	498-839-7284x63534
741	Martin, Richardson and Snow	Catering Service	Unit 3436 Box 4523\nDPO AE 51665	West Anthonymouth	013.181.1620
742	Harmon, Hunt and Daniels	Catering Service	398 Keith Islands\nNew Michael, ND 26141	Port Jennifer	(440)486-0759
743	Mayer, Hawkins and Day	Supermarket	PSC 4292, Box 5900\nAPO AE 49106	South Richard	+1-206-641-2099x02965
744	Martin, Sosa and Fleming	Restaurant	424 Leonard Unions\nLewisland, MT 30183	North Jenniferport	4335526313
745	Martinez, Armstrong and Carroll	Grocery Store	43311 Lewis Ville\nSouth Davidside, MA 08450	East Lisa	(577)786-8133
746	Carr-Morrison	Grocery Store	26296 Brennan Neck Apt. 815\nLeahville, WA 35764	Sarahside	331-309-4173
747	Stafford, Johns and Dunn	Restaurant	Unit 5820 Box 3745\nDPO AP 87833	Richardmouth	761-727-3251
748	Adams and Sons	Supermarket	849 Ernest Ramp Apt. 938\nWest Sharon, UT 25509	Port Hannah	0508335147
749	Ramirez Inc	Grocery Store	971 Rodgers Drive Suite 338\nNorth Karabury, VA 79151	Lisafort	001-397-293-6050x2868
750	Barnes and Sons	Supermarket	41662 John Shoals Apt. 246\nWest Shannon, NM 07777	Michaelton	(547)040-4732
751	Bryant, Jacobson and West	Restaurant	127 Michelle Views Suite 097\nLake Steven, TX 04725	East Richardside	001-075-347-0236x69878
752	Butler-Richardson	Grocery Store	99213 George Spurs Suite 321\nPetersenberg, MA 55289	East Heatherport	-3388
753	Lawrence-Clark	Supermarket	699 Brooks Parkway\nDavisside, AL 18704	South Randy	122-170-5452x33780
754	Rodriguez and Sons	Restaurant	210 Dickerson Pine\nPort Troy, KY 22574	North Sharonburgh	477.309.3018x208
755	Jackson-Good	Restaurant	1947 Leonard Mission Suite 695\nEast Kenneth, NJ 60142	Port Rebekah	5402653116
756	Tate-Reed	Restaurant	22115 Shane Way Suite 117\nMariaville, IA 31143	New William	076.799.5247x9326
757	Davis Ltd	Restaurant	88279 Luis Throughway Apt. 639\nThomasberg, NM 37613	Adamsville	(112)122-3591x558
758	Todd Group	Catering Service	Unit 6259 Box 3832\nDPO AE 28167	Port Patrick	236.722.8623
759	Martin, Cohen and Haynes	Restaurant	6719 Yolanda Via\nEast Jill, TN 80794	South Joshua	001-677-604-8538x89487
760	Frederick LLC	Supermarket	6559 Matthew Turnpike\nJohnsonchester, AK 98520	Yatesside	784.860.0232x137
761	Abbott, Brooks and Moreno	Catering Service	07566 Pacheco Port Apt. 447\nJenniferstad, VT 74898	New Zachary	(605)444-5107
762	Simmons Group	Restaurant	86763 Johnson Ramp Suite 259\nAdamberg, CT 79300	West Lucasville	002.503.5955x077
763	Manning Ltd	Restaurant	91482 Adam Light Suite 699\nRobertberg, MA 25709	Josephburgh	187-286-3552
764	Villegas, Chen and Campos	Restaurant	5698 Trevor Ridges\nSamanthaburgh, VT 05005	New Travisshire	(619)661-4594x325
765	Wong-Wilson	Grocery Store	1663 Lindsey Knoll Suite 148\nSouth Emmachester, LA 53472	South Douglashaven	693-832-6017x426
766	Parker Group	Catering Service	017 David Crossing Suite 956\nSouth Debraview, MO 17664	Jonathanmouth	197.775.7862x84876
767	Conner, Martinez and Ward	Restaurant	201 Ortega Points\nNew Georgeland, CA 73855	Codyview	177-150-2468x49541
768	Davis, Hughes and Leblanc	Restaurant	64539 Sabrina Rest\nPort Dennisfort, FL 23814	South Danielle	450-388-2214
769	Andrews Inc	Catering Service	26341 Angela Canyon\nWheelerland, RI 53891	Carrport	001-257-656-9260x6347
770	Schneider-Suarez	Supermarket	73422 Morgan Plains\nEast Destiny, SD 76863	East Melissa	001-597-658-2544x8112
771	Martinez, Davis and Simmons	Grocery Store	679 Lee Prairie Apt. 468\nNew Samuel, CA 74608	West Christopher	(024)268-9864x8442
772	Hester-Vaughn	Supermarket	11290 Lindsay Knolls\nNew Teresa, KS 45517	Leonfort	440-252-5984
773	Wilson and Sons	Grocery Store	503 Heidi Union Suite 064\nGarciachester, NM 90354	Port Julia	705.277.5779
774	Thompson and Sons	Catering Service	3501 Goodwin Streets Suite 016\nLake Kristinastad, NJ 25573	New Zachary	366.010.6995x8345
775	Rhodes, Vasquez and Ayala	Restaurant	968 Brian Parkways\nPort Jon, TX 15577	Lake Bianca	001-527-514-8462x80976
776	Lee, Walker and Woodward	Supermarket	Unit 7428 Box 9237\nDPO AA 51656	Williamview	001-800-825-6958
777	Giles, Weiss and Brown	Catering Service	44972 Lawrence Wall\nWest Joseph, NC 35887	Wilsonview	6766883967
778	Blanchard-Parsons	Catering Service	81800 Preston Land Apt. 698\nMurphyport, MS 99875	Edwardsbury	1686096009
779	Maynard LLC	Supermarket	7357 Kimberly Estate\nWilliamtown, TX 45569	New Bobbytown	416.974.9320x8176
780	Lee LLC	Catering Service	056 Valentine Village Suite 407\nBryantmouth, RI 56149	North Caitlin	(125)745-1987x650
781	Lozano and Sons	Grocery Store	4617 Reed Wells Suite 310\nLake Daniel, GA 76092	Raymondview	124.824.3776
782	Wheeler-Galvan	Supermarket	2915 Teresa Orchard Apt. 925\nEast Jacobmouth, AR 92844	North Mary	851.926.1633
783	Cooper LLC	Restaurant	30047 Maldonado Mission Apt. 779\nLindamouth, CA 11952	Port Melanie	001-120-947-8177x14998
784	Wolfe, Hull and Richardson	Restaurant	98375 Christine Mountains\nNew Kelly, MD 32374	Gibsonfort	649.210.2886x0203
785	Crane LLC	Catering Service	32159 Bradley Canyon\nStevensonside, VA 33070	Lindseybury	001-004-545-5901x1754
786	Simmons-Davis	Restaurant	788 Tiffany Spur Apt. 373\nPort Matthew, NY 44804	Basstown	532.668.4291x87339
787	Potts, Williams and Adams	Grocery Store	1897 Elizabeth Throughway\nSouth Shawn, TN 56135	Lake Charleston	076.004.8874
788	Russell and Sons	Supermarket	44158 Williams Plaza Apt. 122\nChavezhaven, LA 02481	New Michaelmouth	(201)501-1781
789	Blair Group	Grocery Store	602 Maria Dam\nTinatown, WA 91444	Lake Maria	001-134-029-8765x104
790	Phillips and Sons	Supermarket	USNS Rocha\nFPO AP 15184	New Willieburgh	001-493-528-0886x728
791	Aguilar Group	Grocery Store	292 Torres Village\nJohnland, IL 09607	West James	(390)257-0518x4479
792	Rogers-Maldonado	Catering Service	9659 Reed Ridge\nWaltersshire, MO 80569	Mortonfort	343-728-0009x45256
793	Thomas-Flores	Grocery Store	259 Walker Hollow\nEast Seth, AL 67266	West Brandon	567-080-9984x776
794	Coleman, Williams and Nichols	Supermarket	7897 Jenna Spring Suite 591\nJordanport, MA 64286	Woodport	3124904832
795	Rollins-Mclaughlin	Catering Service	9872 Reginald Locks Suite 116\nDeniseland, CO 25700	Brownberg	728-509-6340x7211
796	Meyers-Black	Supermarket	60983 Garcia Ways Apt. 475\nGracefort, WI 40941	Drakeville	713-138-1523x7028
797	Reed-Williams	Catering Service	57484 Adams Well Apt. 314\nJonesfort, VT 30639	Derekshire	001-403-694-6449
798	Jordan LLC	Grocery Store	2673 Maria Knolls\nComptonborough, NY 52749	North Amanda	-5669
799	Estes LLC	Catering Service	175 Douglas Flat\nGregoryside, WI 12800	Leslieville	001-429-296-5587x7891
800	Hughes, Fuller and Sanchez	Catering Service	19447 Michael Locks Apt. 580\nThompsonburgh, NJ 75869	East Amyfurt	(040)473-0155
801	Black Group	Catering Service	470 Renee Oval\nSouth Julia, KY 65367	North Joseph	001-996-238-7255x85073
802	Williams Inc	Catering Service	269 Isaiah Point Suite 901\nLake Shaneville, KS 49945	North Katherineshire	(134)266-7104x2168
803	Frank and Sons	Supermarket	68469 Butler Ranch Suite 190\nNew Melissa, NY 96885	Petersonside	945-001-1935x424
804	Jackson Ltd	Restaurant	45950 Gould Stravenue Suite 966\nLauraton, MT 41682	North Ashley	+1-871-214-5204x667
805	Cowan-Peterson	Restaurant	683 Rhodes Lodge\nPort Latoyafurt, KS 03941	Reynoldsbury	001-103-848-7464x001
806	Stone LLC	Supermarket	88440 James Lodge Suite 431\nMariaberg, TX 24138	West Samuelfurt	450-595-9061
807	Stewart, Rocha and Torres	Supermarket	0532 Cheryl Plains\nNicholasview, WA 35943	Williamland	+1-138-470-9169x439
808	Hill-Russell	Grocery Store	68533 Martin Fork\nSouth Morganfort, IL 17612	New Carol	075.630.9218
809	Baker, Valencia and Smith	Restaurant	4862 Clark Spurs\nLake Richard, MS 20484	Amandaborough	(397)967-0645
810	Austin, Griffin and Ward	Catering Service	5382 Michelle Manor Apt. 817\nEast James, MO 47545	Lake Jason	(877)527-5031
811	Hall-Barnett	Grocery Store	574 Sutton Lakes\nNorth Joan, NY 91914	East Emily	+1-416-150-5940x8255
812	Stone Inc	Grocery Store	388 Michelle Shore\nPort Kimberlyside, FL 70535	Leville	468-754-9363
813	Payne Ltd	Supermarket	4541 Megan Points Apt. 886\nWrightfort, RI 22327	East Michael	+1-499-883-9440x24317
814	Scott, Lopez and Baldwin	Grocery Store	335 Mark Center\nGrantport, HI 41240	Allenborough	001-590-644-2836
815	Brown-Butler	Grocery Store	USCGC Steele\nFPO AE 35280	Ashleyhaven	(509)390-1118
816	Dunlap Inc	Supermarket	416 Mariah Ridge Suite 777\nNew Laurafurt, TN 19711	New Jamesburgh	909-720-0844
817	Mullins Ltd	Restaurant	762 Young Locks Apt. 246\nBrownhaven, WV 44739	Walterton	-3974
818	Murphy, Harris and Quinn	Restaurant	PSC 3393, Box 0158\nAPO AE 18045	Port Brett	(080)535-3645
819	Wallace and Sons	Restaurant	7743 Russell Cove\nPort Tonyatown, KS 97653	Robertschester	(277)528-2339
820	Sanchez Group	Supermarket	USS Hernandez\nFPO AP 68693	New Emily	(797)145-6559x37937
821	Peck-Norris	Supermarket	75929 Tyler Corner\nLake Christopherland, VT 54608	Jordanberg	447-812-4442
822	Thomas, Brock and Ali	Grocery Store	2636 Hayes Landing\nRamseychester, PA 35913	Lake Kelly	5020875543
823	Murphy Ltd	Restaurant	8991 Elizabeth View\nAndrewston, MT 46774	South Andrew	-7980
824	Howard-Williams	Supermarket	662 Brenda Inlet Apt. 504\nNorth Calvin, AK 36811	Lopezport	(728)156-2658x7091
825	Smith, Lynch and Anderson	Supermarket	85965 Vanessa Hollow\nNew Patriciamouth, WA 82198	South Bryan	+1-560-761-6843x29675
826	Rogers, Harmon and Gordon	Supermarket	13984 Mann Ford Apt. 634\nPort Johnside, AL 55278	Lake Karenfurt	(421)106-2871x5106
827	Stewart, Cox and Tate	Grocery Store	Unit 7108 Box 6674\nDPO AE 90873	East Kimberly	754-822-6879x75255
828	Campbell LLC	Catering Service	9892 Christopher Park Suite 948\nDavidfurt, TN 47444	Torresshire	408.792.0799
829	Marshall-Huffman	Grocery Store	010 Williams Ville Suite 868\nSouth Patricia, MS 92938	Mendozastad	001-320-495-1470
830	Snow PLC	Catering Service	8892 Christine Court\nLake Jamestown, MI 56025	West Charlesborough	001-656-370-9565x9479
831	Figueroa Inc	Catering Service	5678 Washington Pines Suite 444\nMillerfurt, DE 55779	Lewishaven	107.592.8920
832	Martin, Johnson and Herrera	Supermarket	7208 Garcia Drive Suite 415\nSouth Crystalmouth, PA 88821	North Richard	414-000-8857
833	Mcclain Ltd	Catering Service	8220 Nicholas Mission Suite 606\nDillonfort, OK 61228	Katherineborough	001-504-478-4608x690
834	Bruce Inc	Supermarket	642 Schultz Divide Apt. 480\nMatthewview, PA 26612	Harrishaven	(258)012-0928x8067
835	Smith-Paul	Catering Service	807 Taylor Stream\nNew Cameron, AR 20442	Thorntonbury	001-222-287-5923x26280
836	Phillips PLC	Catering Service	4419 Moore Pike Apt. 613\nWest Cheryl, VA 40988	New Ninashire	+1-041-200-9724x3812
837	Horn-House	Supermarket	59435 Benjamin Mountain\nAmandamouth, VA 67842	South Charles	(274)596-0960x4039
838	Weaver-Walker	Grocery Store	0462 Kelly Junction Apt. 610\nWest Christophertown, MD 16033	North Biancaview	(684)214-8678x814
839	Roth, Estrada and Vang	Grocery Store	9894 Thornton Stream\nEast Wesley, VA 88439	Port Erin	(523)837-8597
840	Farmer Ltd	Restaurant	594 Patel Road Suite 676\nAutumnborough, AK 45847	Cisnerostown	924.147.5562x1759
841	Smith Inc	Restaurant	876 Mckinney Circles Suite 026\nTaylorchester, OH 43657	Lake Tamara	871.082.6155x450
842	Nguyen-Vasquez	Supermarket	23097 Robinson Isle\nNew Barbara, MT 56782	East Janet	330-419-6965x494
843	Carroll PLC	Catering Service	PSC 4547, Box 7966\nAPO AE 27140	North Kennethview	810.075.7191x4578
844	Gallagher-Brown	Grocery Store	USNV Morris\nFPO AP 79488	Olsenstad	9339428554
845	Golden Group	Supermarket	2558 Barr Loaf\nMichaelhaven, WV 26626	Parksburgh	012.853.4943x4132
846	Miller Inc	Supermarket	7787 Warren Estates Suite 246\nPhillipsburgh, OK 32953	South Thomasville	394.144.5269x2229
847	Pollard, Collins and Watson	Supermarket	Unit 4908 Box 4008\nDPO AE 21178	Williamsonmouth	218.505.6857x64219
848	Fisher PLC	Supermarket	350 Danny Flats Suite 806\nSmithfort, IN 28216	Fowlerbury	+1-823-181-5943x270
849	Brown and Sons	Supermarket	725 Garner Locks\nAndrewchester, MI 49979	South Christopherborough	(352)481-4738
850	Cooper, Osborn and Clark	Grocery Store	8962 Robinson Greens Suite 631\nPricechester, LA 52710	North Stevenbury	001-548-930-4392x6738
851	Miller-Clark	Supermarket	54061 Billy Locks Suite 765\nEast Martin, ND 10197	Kaitlynville	(540)858-7855
852	Jones-Burnett	Grocery Store	515 Elizabeth Well Suite 591\nEast Paul, IN 33760	East Shanestad	001-718-367-8316
853	Jefferson Group	Catering Service	668 Brown Walks\nDavisfort, MI 56210	East Michelle	3908403570
854	Johnson LLC	Supermarket	21555 Sanchez Streets Apt. 988\nSouth Kimberly, MT 97822	Smithstad	195-477-4278x2975
855	Cox, Rogers and Horne	Restaurant	558 Shawn Well Apt. 218\nLake Saraville, IA 58123	Bryantton	045-288-0356
856	Hernandez, Lee and Dodson	Grocery Store	4238 Jerry Ranch Suite 083\nKiddview, RI 15092	Brewerfort	+1-563-810-9329x657
857	Holmes-Schaefer	Supermarket	61354 Tina Cliff\nSandershaven, UT 60062	Jordanborough	759-916-3267x89739
858	Petersen, Morrison and Woods	Restaurant	7626 Stephanie Creek Suite 634\nJuliashire, WI 41937	Johnsonborough	-3081
859	Bradshaw Ltd	Restaurant	PSC 6707, Box 4294\nAPO AA 42923	Frostberg	056-604-3679
860	Fields-Craig	Catering Service	69619 Townsend Square Apt. 545\nSouth Hollyside, LA 94071	North Valerie	001-120-459-4801
861	Rogers, Robbins and Cook	Grocery Store	9927 Russell Pike\nNorth Barry, NM 90744	Lake Kendramouth	387-013-3363
862	Obrien-Carr	Grocery Store	7915 Jacob Tunnel Suite 241\nNew Lisaport, HI 08755	East Tammy	096.381.4881x4011
863	Johnson-Mejia	Restaurant	USNS Callahan\nFPO AA 79594	Port Michael	(145)733-6977x4017
864	Mckinney-Harris	Catering Service	9562 Moore Vista\nPort Michael, HI 54640	Cabreraberg	-2513
865	Coleman LLC	Grocery Store	972 Gonzalez Lodge\nRichardsonview, UT 93978	New Frank	(238)095-1783
866	Jones-Patterson	Grocery Store	622 Alan Park Apt. 298\nLake Kimberly, ND 78178	New Robertstad	940.354.9558
867	Simpson Group	Supermarket	2348 Daniel Crossing\nSouth Sarahhaven, CO 35631	Judystad	+1-774-532-9866x479
868	West, Martinez and Warren	Grocery Store	185 Bruce Mission\nJaneburgh, MI 52383	Rodriguezview	(042)376-1212x66871
869	Manning and Sons	Restaurant	Unit 1702 Box 1802\nDPO AE 00968	Port Hannahmouth	-7320
870	Mcgee PLC	Supermarket	651 James Path\nWest Stephenside, MT 25848	New Hollyfurt	378-777-7668x60325
871	Burke, Yates and Hicks	Supermarket	6295 Eric Valleys Suite 028\nTaylorhaven, AR 18369	Madelinechester	868-621-1107x14787
872	Calderon-Torres	Supermarket	020 Griffin Glen Suite 717\nMolinafurt, MS 51202	Ramosville	(793)661-2764
873	Parsons and Sons	Catering Service	52339 Angela Circle\nStevenville, WY 85182	East Sonyaport	169-470-3250x7530
874	Long-Alexander	Catering Service	4601 Samuel Ranch Suite 442\nNew Ronald, SC 13631	Priceland	328-638-0829x010
875	Mendoza-Espinoza	Grocery Store	8229 Sheila Trail\nNew Erica, DE 07371	South William	029-780-2681x85712
876	Rosario-Porter	Grocery Store	538 Ramsey Trace\nRomeroland, MA 69729	Brookeland	867-595-3131
877	Hughes-Hart	Grocery Store	0824 Ronald Branch\nWest Rogerstad, NM 76134	Campbellchester	+1-165-641-7606x58790
878	Richardson-Jones	Supermarket	4052 Brown Gateway\nPort Susan, MT 01391	Tracyfort	141-172-8997x285
879	Hughes Ltd	Supermarket	Unit 7379 Box 0879\nDPO AP 36544	Lake Michael	(512)654-3742x7158
880	Johnson-Brown	Catering Service	06136 Jessica Parkways\nLittletown, CA 68113	Sheenashire	252-571-8129
881	Hall, Taylor and Anderson	Restaurant	22046 Barry Turnpike Apt. 458\nWilsonshire, GA 77403	New Jenniferbury	001-595-456-3203
882	Freeman, Allen and Castaneda	Supermarket	58124 Reeves Stream Suite 880\nDayfurt, IA 16577	Jenniferville	(162)139-2884
883	Lewis, Wagner and Solis	Supermarket	250 Chloe Common\nSouth Elizabethbury, NH 23690	New Jacob	001-094-480-8706
884	Hill-Anderson	Grocery Store	500 Jones Circles Apt. 341\nBrendaside, NJ 13591	Robinsonfort	-10034
885	Spears, Anderson and Huffman	Restaurant	4257 Roberto Squares\nNew Timothyhaven, NY 01630	Lake Stephen	1906277080
886	Gentry and Sons	Restaurant	913 Katrina Mountains Apt. 164\nEast Thomas, NJ 59999	New Tiffanystad	(845)076-7276
887	Preston-Smith	Supermarket	18358 Moore Spring Suite 713\nGordonshire, MT 45298	Strongmouth	(813)326-3277x75776
888	Schmidt-Alexander	Supermarket	96966 Smith Expressway\nLauraburgh, MD 50475	West Sharonview	(616)029-0456x6126
889	Bass LLC	Restaurant	7188 Zachary Views\nLake Nicolehaven, AL 24903	Owensstad	996.149.6393x30141
890	Simpson, Mcguire and Brown	Restaurant	950 Dawn Mountains\nNew Robert, MI 58996	Pereztown	274.464.1201x34627
891	Walter-Stevens	Supermarket	32820 Lozano Fork\nEmilybury, HI 03708	Charlesland	-3698
892	Flores-Wade	Grocery Store	43443 Campbell Highway\nRicetown, MA 95006	Russellfurt	525-492-4716
893	Cooper, Harvey and Jordan	Restaurant	241 Ethan Gardens Suite 016\nKevinshire, MD 90518	Gomezfurt	119-434-3757
894	Fowler-Morgan	Restaurant	684 Mike Mission Suite 131\nEast Sharonmouth, ME 61479	Cannonside	+1-427-871-1303x0408
895	Greer-Frye	Grocery Store	424 Ryan Circle\nKellymouth, MT 70307	Padillamouth	(725)767-4070x399
896	Marquez, Reid and Kramer	Grocery Store	8981 William Extension Apt. 848\nNew Jenniferport, RI 49072	Weberfurt	001-319-584-3389x9156
897	Stephens-Braun	Catering Service	657 Charles Streets\nNorth Carolineberg, AR 77518	Villastad	001-744-282-3182
898	Wilson Group	Restaurant	Unit 6637 Box 3119\nDPO AP 06435	Medinatown	4943539272
899	Jackson, Lee and Hodge	Catering Service	5326 Christian Trail\nPort Hectorstad, NH 21079	North Steven	001-319-954-4598x21954
900	Campbell, Peterson and Nixon	Catering Service	USCGC Sullivan\nFPO AE 70797	West Peter	001-080-950-9405x3327
901	Galvan Ltd	Supermarket	053 Richard Glens\nPort Tanya, AR 46804	West Melissastad	6379149942
902	Parsons Ltd	Supermarket	13271 Michael Way Apt. 244\nSouth Jennifer, AK 74009	Port Robertport	445-558-2787x92329
903	Galloway, Hall and Oconnell	Catering Service	08907 Paige Canyon Suite 640\nWest Michaelborough, RI 85483	Lake Kari	(558)699-9188x092
904	Smith-Morales	Grocery Store	92861 Megan Extension Apt. 163\nJacobsburgh, MD 32991	West Miaside	481.162.2452x4959
905	Ayers LLC	Restaurant	901 Pacheco Dale\nRobertport, OK 20674	North Kennethshire	(922)213-3651x61067
906	Wright LLC	Supermarket	PSC 1473, Box 2158\nAPO AE 95836	West Kevin	001-515-383-6029x214
907	Sanchez PLC	Supermarket	48910 Gordon Pike Apt. 720\nQuinnshire, AK 79288	South Marthahaven	539-966-9767x99956
908	Martinez-Young	Supermarket	1821 Davis Estates\nDawnstad, ND 73249	East Phillipton	(448)182-4708
909	Gibbs, Green and Krause	Restaurant	9340 Dalton Junctions Suite 998\nTiffanymouth, SD 76155	Sheilaburgh	001-228-747-8247x18530
910	Lee PLC	Restaurant	886 Mark Plain Suite 687\nLake Nicholashaven, MN 43931	Leeburgh	346.517.7901x471
911	Alexander PLC	Restaurant	28329 Gary Courts\nEast Jonathan, KS 04105	Garciatown	599-601-7460
912	Morrison LLC	Catering Service	Unit 7525 Box 7976\nDPO AA 30814	Blaketown	776.420.3183
913	Crosby Group	Grocery Store	81218 Peter Rest Apt. 173\nEast Caitlinport, NV 39150	Erikatown	+1-307-053-5303x7456
914	Whitaker Group	Catering Service	59776 Perry Turnpike Apt. 615\nSouth Howard, HI 48266	Garciaberg	139.400.8463x7894
915	Morton, Perry and Lopez	Grocery Store	61563 Hendrix Viaduct Suite 566\nLake Harryton, MA 17987	Port Raymondburgh	(870)361-0934x3633
916	Davis and Sons	Catering Service	551 Huynh Trail Apt. 373\nLake Kevinton, KS 39284	Patrickfort	965.266.3582
917	Moore, Peck and Cox	Supermarket	827 Pace Unions Apt. 620\nPaulhaven, RI 85075	New John	001-403-232-7921
918	Wilson-Medina	Grocery Store	PSC 7795, Box 8364\nAPO AE 31123	East Heather	(536)020-7040x308
919	Cruz-Davis	Supermarket	032 Suarez Pine Apt. 241\nPort Anthonyborough, IN 97036	Port Tanyaburgh	(126)595-1397
920	Hudson, Spence and Perez	Restaurant	52439 April Lodge\nTimothyburgh, MS 86772	New Calebberg	2329447078
921	Oliver-Orr	Grocery Store	56629 Tara Alley Apt. 226\nSouth Adrianchester, NE 12389	Lucasmouth	(291)397-0048
922	Villegas Inc	Restaurant	648 Maria Gardens\nNew Charles, NM 12489	Lake Michael	3387210560
923	Rodriguez Inc	Supermarket	937 Murray Turnpike\nLorrainestad, RI 37088	Jonestown	1383312143
924	Rosales-Dillon	Supermarket	462 Nicole Common\nWheelermouth, VA 10670	Port Donnamouth	259.371.8249
925	White Ltd	Restaurant	04589 Cole Highway Suite 011\nSheltonbury, MN 56672	East Jesse	(870)515-3806
926	Perkins Ltd	Grocery Store	6749 Stewart Trace\nNew Thomas, KY 96239	North Chase	-3776
927	Clark-Miranda	Catering Service	54388 John Bypass Suite 842\nNew Kimberly, AL 69199	East Benjaminland	001-517-180-8109x1808
928	Larson and Sons	Catering Service	5591 Kathleen Route Apt. 687\nSouth Paul, NC 69885	Zimmermanton	152.836.4864
929	Allen LLC	Catering Service	11055 Hayes Island Suite 805\nCynthiatown, ME 65521	Lake Richardhaven	474-088-6934
930	Cannon-Garcia	Restaurant	18680 Krystal Inlet Apt. 200\nEast Janettown, MO 64497	Kellytown	9421508200
931	Phillips-Bradley	Supermarket	6479 Beverly Club\nEast Karen, IN 38784	South Allisonburgh	001-645-494-2603
932	Jones, Allison and Ellison	Supermarket	95536 Hunt Harbor Apt. 227\nNorth Alexisbury, AR 45373	New Ginaborough	(692)324-3942x4267
933	Jimenez-Ramirez	Catering Service	29016 Patricia Turnpike\nNorth Jeffreymouth, VT 07661	Anthonyborough	(406)401-4554x74878
934	Nelson and Sons	Grocery Store	8015 Meyer View\nSouth Bobby, MN 09536	Steveport	+1-114-068-7855x4731
935	Frazier-Sanders	Grocery Store	5099 Campbell Falls\nPort Paulmouth, AK 72465	Ramseyfort	001-581-378-3772x04562
936	Velazquez, Mitchell and Mcintyre	Supermarket	64520 Joshua Parks\nSouth Johnfurt, TN 61990	Lisaborough	533.325.7699x38436
937	Taylor Group	Restaurant	14689 Scott Gateway\nNorth Curtis, RI 22825	Roachhaven	(903)301-8467x005
938	Barker LLC	Restaurant	5999 Brenda Trail Apt. 807\nAmberstad, VT 22034	Hollyhaven	+1-530-780-2072x25507
939	Reyes and Sons	Catering Service	2706 Samantha Ferry Suite 785\nKevinborough, SC 54085	New Monicaside	9608634637
940	Bradley-Martin	Grocery Store	145 Diana Circle Suite 342\nNorth Michelle, AZ 40121	Williamsshire	+1-131-571-0529x38557
941	George Group	Catering Service	20833 Huffman Plaza\nEast Kevin, MN 53076	Port Allisonland	001-335-284-7048x76955
942	Miller LLC	Grocery Store	7974 Matthew Hill Suite 293\nLake Christopherstad, MN 36854	West Stephenside	(870)001-4338
943	York-Ferguson	Supermarket	157 Woods Cliffs\nEast Arthur, MS 76614	Lake Devon	(122)877-3794x96948
944	Miller-Bennett	Supermarket	141 Benjamin Inlet\nCisneroston, VA 34027	Campbellbury	688-080-1814x29732
945	Young-Wu	Grocery Store	6293 Higgins Viaduct Apt. 488\nElizabethmouth, MA 47397	Tamaraside	516-871-5874x60724
946	Brock, Newton and Mccormick	Catering Service	3043 Aguilar Mission\nColtonbury, KS 26858	Roystad	(699)849-3966x8395
947	Melton, Olson and Foster	Catering Service	886 Griffin Ports Apt. 205\nPort Hayden, OH 11566	Lake Regina	+1-427-165-5121x1214
948	House-Bates	Supermarket	48407 Hall Cliffs\nLake Traceymouth, MD 10524	West Lisamouth	+1-910-582-8983x79304
949	Jackson, Howe and Gentry	Supermarket	Unit 6067 Box 3679\nDPO AA 63953	Lake Deborah	071-338-9174
950	Robinson-Gibson	Supermarket	699 Brenda Landing\nPetersstad, NH 95795	South Zacharymouth	001-313-085-7612
951	Hodge, Lee and Washington	Grocery Store	2730 Shannon Mall Apt. 069\nOwensburgh, MO 32097	Spenceland	2321569552
952	Harris, Mcdonald and Taylor	Grocery Store	0039 Alexander Terrace Apt. 565\nAprilborough, MI 33494	Samueltown	-10111
953	Obrien-Zhang	Supermarket	29928 Hawkins Glens Suite 830\nMillerfort, AK 35617	West Abigailtown	(766)455-6356
954	Herrera LLC	Catering Service	03238 Singh Mill Apt. 542\nDonaldburgh, IL 63546	Randallchester	8412901538
955	Williams PLC	Catering Service	0627 Keith Ferry Apt. 778\nNorth Melaniechester, NY 94824	Wrightville	(730)287-3289
956	Haynes, Barnett and Wiley	Supermarket	70012 Lucero Stravenue\nFloresbury, CA 62305	Lake Lindsey	980.273.6877
957	Rice and Sons	Grocery Store	06266 Roberts Corner\nJamiemouth, ME 21665	South Tina	001-128-988-1441x190
958	Patel Ltd	Restaurant	892 Brandy Village\nDeborahshire, AK 22864	Lake Vanessaland	(694)214-7175
959	Stanley PLC	Grocery Store	3255 Steven Falls Apt. 575\nSouth Ashleyton, NM 59651	North Victoriastad	001-428-241-5858x19231
960	Jackson, Shelton and Mayer	Supermarket	6472 Michelle Drives\nLake Robert, VA 54017	Port Lance	+1-140-191-0616x7900
961	Davis, Sanchez and Mendez	Restaurant	78391 Susan Landing Apt. 690\nCheyennefort, WI 89189	New Amanda	001-696-690-2244
962	Galloway-Henderson	Catering Service	Unit 2168 Box 9786\nDPO AA 06880	Alexanderchester	001-867-928-0212x3211
963	Johnson PLC	Supermarket	38009 Oconnor Prairie\nJanicemouth, MS 31632	East Bernard	(764)089-8990x152
964	Graham and Sons	Catering Service	379 Thomas Roads\nHarrisport, DC 76335	Connieside	+1-328-744-4361x89629
965	Oconnor Ltd	Restaurant	49967 Victoria Union Suite 176\nWatkinsport, NC 14235	Port Bryce	+1-484-031-6824x10667
966	Rivers, Pena and Davies	Restaurant	Unit 9564 Box 1583\nDPO AA 18894	Christopherside	392.087.3295
967	Miller Inc	Grocery Store	97290 Stephanie Mountains Apt. 247\nLindseyburgh, WY 63235	Coleburgh	+1-926-386-9945x8729
968	Robinson, Schaefer and Foster	Restaurant	83418 Joshua Place Suite 333\nNathanielborough, IN 28904	Christopherton	+1-235-607-0553x247
969	Hayden PLC	Catering Service	51093 Richard Corners Apt. 086\nRossmouth, MS 72720	Port Christopher	619.534.3215
970	Lewis, Preston and Price	Catering Service	6974 Paul Estate\nLake Jacob, NV 24380	Jeffreybury	6685913720
971	Scott, Davis and Mcbride	Restaurant	89161 Christine Track Suite 497\nAndreachester, MD 90839	Port Daniel	001-797-318-7062
972	Hurst, Lee and Sims	Supermarket	20729 Martinez Locks\nWest Katie, KS 29229	Port Melissa	521-004-0816
973	Watson LLC	Supermarket	29574 Scott Flats\nJamestown, ME 66124	New Larry	8591148922
974	Jackson LLC	Grocery Store	61454 Ryan Well Suite 025\nEast Aprilside, IL 12106	Moralesberg	(589)951-5870
975	Lowe Ltd	Catering Service	234 John Rue\nHendrixport, AZ 46361	East Robertton	(326)145-6491x608
976	Robinson, Rodriguez and Reilly	Restaurant	53064 Danny Centers Apt. 116\nNew Nicole, WY 40193	Davisview	317.522.3773x348
977	Anderson and Sons	Restaurant	1110 Martin Square Suite 965\nWest Anthony, VT 13086	South Jessicachester	759-596-1190x656
978	Lewis-Anderson	Catering Service	29974 Becker Hill Apt. 666\nPattonfurt, NJ 66040	Flemingport	7046259654
979	Gray PLC	Restaurant	536 Joyce Locks Suite 818\nEast Catherine, DE 59565	West Hunter	209.149.0656x397
980	Baker Group	Restaurant	82725 Walker Parkway\nKarimouth, VA 07630	Port Melissa	808.838.1022x168
981	Glenn-York	Restaurant	96371 Owens Mountains\nNorth Daniellestad, WI 11685	West Stevenport	(063)458-3909x33019
982	Martinez PLC	Grocery Store	93509 Solomon Station\nSarahview, NH 55581	Westbury	944-129-2371x8219
983	Munoz, Stone and Wallace	Grocery Store	739 Adams Alley\nVangborough, IN 50041	Herbertbury	(041)135-3095x826
984	Gamble-Davis	Catering Service	6516 Natalie Parkway Apt. 359\nPort Angelicaville, OK 74292	South Edwardtown	298.868.0798x375
985	Frey PLC	Restaurant	4394 William Island\nWest Beth, OR 77721	Harrisonbury	(890)661-5455
986	Wilson, Harris and Mayo	Supermarket	075 Kim Vista Suite 910\nSouth Natashaberg, WA 02431	Port David	+1-875-361-7836x21117
987	Harris, Santos and Roberts	Supermarket	6861 Steven Isle Apt. 138\nSouth Blake, KS 26018	South Kevinhaven	001-664-346-8788
988	Morris, Serrano and Roberson	Grocery Store	29137 Williams Summit Apt. 780\nFullerton, WA 63589	East Laura	+1-355-010-3614x2052
989	Williams-Aguirre	Grocery Store	6861 Tiffany Junction Apt. 176\nFarleyfurt, HI 39406	North Lauren	205-999-3497
990	Jones PLC	Catering Service	2646 Hull Wall Apt. 985\nValenciamouth, TN 58725	Lake Latasha	+1-231-061-4929x4353
991	Spencer LLC	Supermarket	63770 Jessica Falls Apt. 397\nChadton, VT 61248	Stevensborough	+1-741-041-0721x937
992	Miller-Sanders	Grocery Store	896 Karen Island Apt. 800\nJohnsontown, NJ 75055	Browninghaven	648.599.6844
993	Mckinney Ltd	Restaurant	179 Fernandez Rapids\nCampbellport, MA 31352	East Stephanie	225-959-2378
994	Porter, Hernandez and Pace	Catering Service	3564 Hutchinson Shore\nSouth Danielle, DC 15667	Amyport	001-279-802-3400x771
995	Moore Group	Supermarket	46915 Maynard Dam Suite 320\nNorth Alyssa, CA 48762	Manningshire	889-093-8775x51762
996	Vasquez, Ruiz and Flowers	Restaurant	84308 Justin Stravenue\nNew Amberside, NE 53447	Williamview	+1-319-378-7627x0682
997	Garza-Williams	Catering Service	08864 Figueroa Radial Suite 948\nJennaberg, AZ 21207	East Rossside	001-924-441-3963x746
998	Novak Group	Grocery Store	934 Zachary Run\nMelissamouth, WY 02729	Joshuastad	(903)642-1969x3300
999	Moody Ltd	Grocery Store	17580 Ernest Hills\nLake Michaelmouth, OR 56416	Stevenchester	637.300.3664x4880
1000	Jenkins-Brooks	Restaurant	53390 Evans Rapids Suite 982\nLake Meghan, MO 44235	Brendantown	266-324-3458x95775
\.


--
-- Data for Name: receivers; Type: TABLE DATA; Schema: public; Owner: postgres
--

COPY public.receivers (receiver_id, name, type, city, contact) FROM stdin;
1	Donald Gomez	Shelter	Port Carlburgh	(955)922-5295
2	Laurie Ramos	Individual	Lewisburgh	761.042.1570
3	Ashley Mckee	NGO	South Randalltown	691-023-0094x856
4	Erika Rose	NGO	South Shaneville	8296491111
5	John Romero	Individual	Bakerport	067.491.0154
6	Mandy Sutton PhD	Shelter	East Sharimouth	682-777-5357
7	Kenneth Baker	NGO	South Edwinborough	126-645-6386x4071
8	James Perez	Charity	Benjaminburgh	-8421
9	Emily Turner	Shelter	West Robert	001-631-022-6157x520
10	Mary Salazar	NGO	Wrightland	001-187-333-7518x11395
11	Amber Pacheco	Individual	South Gregorymouth	-8390
12	Jennifer Bishop	NGO	Katherineside	+1-801-363-6355x49805
13	Jamie Sutton	Shelter	Lake Matthewstad	001-176-847-8920x2687
14	Brian Fischer	Shelter	Burkeside	947-041-3246x326
15	Donald Kelly	NGO	Port Ronald	(935)798-5303
16	Elizabeth Lewis	NGO	Port Tara	500.386.3867x7565
17	Melissa Castillo	NGO	Silvaport	(699)232-9544
18	Lisa Williams	NGO	Moranhaven	360-505-5780x95688
19	Courtney Sanders	NGO	North Cynthiaberg	001-083-754-0501
20	George Palmer	NGO	Sandrahaven	744.838.6083
21	Emily Davidson	NGO	Jonesside	001-893-473-0769x51510
22	Kristina Meza	Shelter	Lake Nicole	-603
23	Kurt Ward	Individual	Aliciabury	479-035-9976x19919
24	Tammy Moore	Individual	Monicafort	721.105.5278
25	Lisa Mcclain	NGO	Lake Elizabeth	292-153-9082x59361
26	Kimberly Lindsey	Charity	Port Matthewmouth	+1-979-511-1434x565
27	Johnny Page	NGO	Susanfurt	251.922.2940
28	Mary Franklin	Individual	Courtneyfurt	001-046-188-9986x12178
29	Nicholas Robinson	NGO	Lake Kendra	930-104-8973x8326
30	Bruce Sanchez	Shelter	North Heather	598.459.1819x6171
31	Rose Powell	NGO	Spencermouth	247-152-7297x648
32	Audrey Perez	Individual	Taylorfort	637-025-7736
33	Anita Kerr	NGO	Walshfort	(568)992-9509
34	Megan Alvarez	Individual	North Robert	6244329386
35	James Castaneda	Shelter	South Rachaelhaven	932-277-2945x55052
36	Teresa Davis	Charity	Olsonville	001-737-507-3051x34768
37	Angel Adams	Shelter	West Erik	+1-785-849-9596x994
38	Alexander Mullins	Charity	Josephview	(248)481-7680
39	John Ramirez	Shelter	Moorechester	(859)701-8773
40	Abigail Davis	Individual	West Carrie	(307)825-3197
41	Julia Elliott	Shelter	Port Kellyburgh	+1-613-882-6551x33036
42	Maria Jacobs	NGO	Port Dawntown	(225)019-8954
43	Bobby Perry	Charity	Amberfort	(020)628-9733x57055
44	Andrew Lawson	Shelter	Davisborough	622.566.7870
45	Derek Potter	Charity	South Laurachester	497-372-7517x026
46	Kevin Lee	Charity	East Teresahaven	354.253.8089
47	Taylor Dean	Shelter	Moorechester	297-100-5658
48	Jennifer Graham	Individual	East Saraport	001-979-746-0394x487
49	Gabriel Nicholson	Charity	South Tonyaborough	030-052-3339x1285
50	Brian Gonzales	NGO	North Sarah	001-241-438-2803x907
51	Timothy Clark	Charity	Port Johnchester	217-662-1143x941
52	Cheryl Dillon	NGO	Hornemouth	350.146.1578
53	Cassandra Owens	Shelter	Tomburgh	001-813-193-7735x105
54	Veronica Howard	NGO	Higginsmouth	(517)632-2362x07333
55	Erika Rodriguez	Shelter	Larastad	001-732-132-0041x81457
56	Deborah Smith	Individual	Jasonshire	996.039.4276x36961
57	Christopher Lozano	Individual	New Mary	217-827-0862
58	Julia Madden	Shelter	Michaelton	(321)207-8844
59	Alicia Thomas	Charity	Lake Mary	(604)320-0347x3019
60	Jessica Rivas	NGO	Phillipborough	351-783-1595x022
61	John Vazquez	Charity	South Kathleenbury	(237)065-6422x5123
62	Nichole Lewis	NGO	North Catherinefurt	777-445-5269x5255
63	David Turner	Charity	East William	4456052297
64	Debra Sheppard	Shelter	North Darinshire	001-726-678-1689
65	Cody Gardner	NGO	Port Belinda	(565)395-0421x232
66	Jade Jackson	Individual	West Jaclyn	098-158-2253x172
67	Rodney Walker	Shelter	Strongshire	001-833-385-7777x5891
68	Wesley Thompson	Charity	Edwardburgh	+1-901-255-2891x97537
69	Scott Brown	NGO	East Dylan	302-197-9398x95559
70	Carolyn Whitaker	Individual	Gregoryville	6651783261
71	Timothy Daniel	Charity	New Gloriaburgh	001-562-181-9662x9861
72	Charles Davidson	Shelter	West Angelatown	-3948
73	Kimberly Mills	NGO	Christineton	288-821-5439
74	Patricia Smith	NGO	Laurafurt	(220)453-5600
75	Nicholas Smith	Charity	Manningtown	-2689
76	Anna Lopez	Individual	North Jenniferside	001-805-624-5306
77	Juan Spencer	Individual	North David	+1-144-242-7963x89583
78	Aaron Davis	Shelter	Marshallton	231.082.0755
79	Meagan Ramirez	Charity	Angelaville	001-671-666-7691x55556
80	Eric Jackson	Individual	Knightburgh	7326023388
81	Theresa Ramirez	NGO	Port Gregoryport	+1-582-895-7478x325
82	Laura Bennett	NGO	Evansside	(379)719-1693x40160
83	Julie Hines	NGO	Davidview	143-601-6545x48405
84	Deanna Lewis	NGO	East Kelli	0938550061
85	Jeffery Mueller	Charity	Lake John	3024932900
86	Jessica Grant	Charity	Smithshire	601.132.1809x716
87	Tammy Walker MD	Charity	West Ronaldland	(982)044-7177
88	Eric Ryan DDS	NGO	Lake Daniel	001-677-794-6847x02126
89	Mr. David Lambert	Individual	Robinsonside	(929)841-1999
90	Alvin West	Shelter	Kellybury	(417)314-8724
91	Ashley James	Charity	Garrettborough	192-784-7581x225
92	Bridget Peterson	NGO	Greenton	(509)037-6331x927
93	Allison Bray	Individual	Alexatown	001-122-277-3588
94	Timothy Patel DVM	Charity	New Jessica	+1-046-832-9667x841
95	Anthony Green	NGO	Laurafort	001-706-024-9230x5313
96	Michael Walls	Individual	Carterside	650-930-7741
97	Nathan May	Charity	South Veronicaburgh	(808)784-9354
98	Brian Cowan	Individual	Henryhaven	(234)142-1265x21005
99	Nancy Silva	Individual	Russellville	929.221.3591x105
100	Melissa Little	NGO	Robertaborough	(250)263-7746x235
101	Nicole Reid	Shelter	Hollytown	808.564.6895
102	Daniel Burton	Individual	North Matthewhaven	972.284.4190x487
103	Karen Cruz	Individual	West Justin	(500)583-5978
104	Victor Reyes	Charity	North Joshuafort	+1-411-230-8872x5335
105	Trevor Wilson	NGO	North Pamela	001-651-719-1403x4050
106	David Johnson	Individual	Lake Rebecca	035-019-0294
107	Jessica Morris	NGO	Port Elizabethton	(137)776-1761
108	Suzanne Dawson	NGO	East Josephstad	+1-682-159-2143x3841
109	Rachel Nguyen	NGO	Theresamouth	(040)545-2043
110	Karla Castillo	NGO	Lake Michaelton	192-811-2685x97518
111	Deanna Flores	NGO	West Johnny	6692949581
112	Brady Lopez	Individual	Michaeltown	831.275.5906x807
113	Jonathan Young	Shelter	Georgeborough	164-864-1786x77029
114	John Chase	NGO	Meganton	530.424.6470x4854
115	Anthony Carter	Shelter	Scottmouth	(499)726-7360
116	Mark Lee	Individual	Port Teresa	001-983-757-6830x086
117	Kelly Pierce	Shelter	East Heatherborough	517.232.1717
118	Matthew Tran	Charity	South Franciscoport	583.144.1560x457
119	Jasmine Robertson	Individual	Deanview	001-388-078-6769x4237
120	Matthew Ramos	Shelter	Kennethberg	(503)563-9703x9449
121	Gavin Freeman	NGO	Ayalamouth	7826814168
122	Drew Cline	NGO	Port Patriciachester	517-828-7715
123	Teresa Williams	Charity	South Alexandraport	(673)228-8829x64732
124	Marie Andrade	Charity	Meghanfort	314-096-2823
125	Tammy Smith	Individual	Campbellchester	001-668-537-1925x410
126	Heather Brown	NGO	North Lori	(836)116-1365x8718
127	Hayden Hill	NGO	North Roger	1431125754
128	Sarah Carter	Charity	New Benjamin	001-513-018-5852
129	Denise Martinez	Charity	Drakeburgh	(463)887-8557x617
130	Matthew Hughes	Charity	Marieview	468-431-4471
131	Shawn Mills	Charity	Jeffhaven	-2932
132	Katherine Gomez	Charity	South Jasonberg	(609)802-2108x3673
133	Robert Johnson	NGO	West James	301-749-5770
134	Emily Christian	Individual	Marcusberg	(724)629-2189x533
135	Jeanne Spencer	Shelter	Huntermouth	987-474-6001x775
136	Katherine Murphy	NGO	New Elaine	0675064790
137	James Jones	NGO	Bakerfort	1224216342
138	Christina Potter	NGO	Phillipsbury	+1-366-144-4542x657
139	Charles Martin	NGO	New Christopher	(586)009-0817x964
140	Kristin Scott	Shelter	North Christina	598.905.9117
141	Christine Gray	Individual	Dawnview	001-466-538-0401
142	Melody Good	NGO	Wilsonfort	8802732716
143	Amanda Hendricks	Shelter	Nancyshire	009.494.1313
144	Jennifer Nelson	Individual	North Paul	(613)802-7241x644
145	David Hull	Shelter	Tanyachester	139.804.6633
146	John Cummings	Individual	Joshuamouth	1344646051
147	Sara Wise	NGO	New Shannonbury	086-773-6881x8590
148	Robert Simon	NGO	North Amandafort	(172)646-7107x977
149	Nathan Willis	NGO	Danielfort	830.318.9696x322
150	Kelly Howe	Charity	Davidmouth	096.059.3098x621
151	Lisa Eaton	Shelter	New Aimeemouth	342.869.6733
152	Jasmine Miranda	Individual	Caseyland	913.509.4800x3395
153	Jason Holmes	Individual	Williamtown	+1-865-533-0612x9768
154	Thomas Johnson	Shelter	Lake Victoriaport	6267945876
155	Christopher Kennedy	Shelter	Patriciaton	509-179-8044
156	Corey Mitchell	Charity	Jacobsmouth	001-392-115-8557x9367
157	Jason Davis	Individual	Charleston	523-114-6883
158	Gregory Murphy	Individual	South Ashley	(090)319-2480
159	Angela Cortez	NGO	Lisaton	+1-685-216-4851x71780
160	Tracy Hartman	Charity	South Jill	-10250
161	Mary Nguyen	Charity	Mcclurestad	+1-453-182-2743x789
162	Douglas Baxter	Individual	Amandaville	+1-139-598-2308x18363
163	Jennifer Anderson	Charity	Daleshire	-4586
164	Aaron Scott	Charity	Heatherfurt	(075)863-3168x28937
165	Danielle Bailey	Shelter	East Sarahtown	(326)806-0927x09574
166	Danielle Willis	Charity	Ginamouth	870.458.3747x34840
167	Erica Fox	Charity	West Shawn	001-029-918-8786x2118
168	Kayla Johnson	Shelter	East Timhaven	786.534.5065
169	Jon Stanton	Charity	Nguyenfurt	467-723-2786x8881
170	Adam Browning	Charity	Port Erica	196.596.9067
171	Suzanne Velasquez	NGO	Joanchester	(305)672-4633x961
172	Nicole Brown	Charity	Thomaston	216-121-6760
173	Jason Moore	NGO	West Courtneyport	913.468.5154x18139
174	Matthew Johnson	Individual	Smithstad	285.859.0597
175	Stephanie Hoffman	Individual	New Tiffany	(972)598-5363x199
176	Brendan Farley	NGO	Nicoleport	376.330.3007
177	Tonya Lucas	NGO	Robertsonchester	+1-913-542-6523x9521
178	Deanna Jarvis	Shelter	Port Emilymouth	(799)565-8611
179	Adam Hodge	Charity	West Krystalview	+1-163-751-5462x947
180	Michelle Cook	Shelter	Peterhaven	(412)902-4858
181	Paul Evans	NGO	Smithshire	3222400397
182	Troy Miller	Charity	Seanside	8901485867
183	Nicole Walker	Individual	Thomasland	001-617-475-6913x02561
184	Matthew Sanchez	Individual	Port Melissa	001-715-920-1622x23981
185	Shannon Pineda	Individual	Lake Amanda	129-249-0893x786
186	John Massey	Shelter	Heathertown	4995907798
187	Amy Thomas	Shelter	Lake Erica	+1-215-295-0597x4795
188	Tina Ingram	Charity	Angelicatown	+1-967-134-3646x12054
189	Stephen Smith	Individual	Maxberg	(690)326-1349x605
190	Maria Jackson	Charity	North Shelby	016.041.6963x060
191	Brent Anderson	Shelter	New Seanburgh	2254787600
192	Rhonda King	Individual	Toddborough	367-958-5492
193	Jesse Brown	Charity	Figueroaport	001-481-425-0706x82893
194	Alan Campbell	NGO	Shawmouth	(942)807-0793x71978
195	John Martin	Charity	New Jason	581-174-6644x358
196	Tara Bauer	Charity	Port Dustin	(709)935-2878
197	Deanna James	Shelter	East Tinamouth	839-100-6940x3681
198	Scott Anderson	Individual	East Teresamouth	733.296.8887
199	Ashley Rivers	Individual	East Sharon	+1-988-051-2193x6577
200	Nicole Williams	NGO	East Jillian	+1-785-780-7784x633
201	Calvin Lucas	Individual	Corybury	4177309502
202	Veronica Coleman	NGO	North Mario	(096)512-5528x76619
203	Vincent Matthews	Shelter	Allenmouth	0335998576
204	Rachel Thomas	Individual	North Lindachester	(417)873-5848x16786
205	Kimberly Wilkins	Charity	West Casey	3783162949
206	Ashley Brooks	Individual	Ramseystad	428.820.9314
207	Nicholas Holloway	Shelter	South Kendraville	719-821-9201
208	Michael Flores	Charity	Andrewmouth	+1-972-682-8043x628
209	Gina Payne	Individual	Steveberg	(960)884-6634x1029
210	Tara Mcmahon	NGO	South Anna	283-528-8473
211	Judy Griffith	Charity	Baileyville	+1-255-391-6382x12809
212	Ronald Gonzalez	Shelter	Stevenmouth	+1-946-378-3210x0415
213	Kelly Barber	NGO	Emilymouth	259-420-4088x04690
214	Corey Rodriguez	NGO	New Roseville	+1-866-544-7425x907
215	Mr. Matthew Johnson DDS	Charity	Port Stephen	1733110659
216	Morgan Massey	Charity	West Amybury	929-286-6902
217	Kelsey Holloway DDS	Charity	Ashleyborough	(300)705-1978x78749
218	Corey Lamb	Charity	New Daniel	882-893-9920
219	Alex Rogers	Charity	Lake Austinmouth	-1648
220	Cassandra Mendoza	NGO	Dantown	2612673922
221	Rebecca Goodman	Shelter	Robinsonland	(392)221-8538x523
222	Stephanie Jones	Shelter	West Aaronport	001-029-940-1111
223	David Henderson	Charity	Hallside	(976)946-9613
224	Franklin Kelley	Charity	East Jacob	2077678809
225	Joseph Bowman	NGO	West Jessica	001-363-434-2847x24463
226	Daniel Kerr	Charity	Fergusonton	(548)955-9384x8406
227	Samuel Hodge	NGO	Port Maria	302-463-7516
228	Joanna Wilkins	Charity	Singletonview	(796)888-1488
229	Tina Watkins	Shelter	Bushview	7774795306
230	Nathaniel Moreno	NGO	Poolestad	(816)818-9063x631
231	Christopher Barrett	Charity	Port Brianville	+1-099-740-1254x66035
232	David Smith	Charity	Davidshire	106.465.7709
233	Alicia Porter	Charity	Port Ericmouth	001-652-614-2884x66578
234	Keith Atkinson	Charity	Lake Julia	686-968-4161x069
235	Megan Freeman	NGO	Rogerburgh	+1-510-274-6183x0559
236	Duane Burnett	Charity	New Derek	001-590-114-4533x323
237	Cathy Adams	Shelter	West Josephshire	269-061-4726
238	Kendra Krause	NGO	Davisburgh	(450)032-0502
239	Lindsay Garcia	NGO	North Kimberlyport	0722151225
240	Ronald Miller	Shelter	Edwardsside	0180633263
241	Elizabeth Dunn	Charity	Wilsonfurt	(069)221-0114
242	Matthew Pearson	NGO	Garciaview	6212235497
243	Alexis Smith	NGO	West Vickie	001-272-079-3939x93350
244	Jason Ramos	Shelter	Carolhaven	146.014.0992x777
245	Rebecca Sanchez	Shelter	New Craig	586-413-7361
246	Kristi Wagner	Shelter	Lake Darrellburgh	264-255-1562
247	John Mitchell	Charity	Aaronshire	001-095-184-7835
248	Victoria Lee	Charity	New Abigail	979-786-2359x15290
249	Zachary Lewis	Charity	Lake Kelli	0318694632
250	Jamie Ferguson	Charity	Jenniferberg	001-052-150-4048x243
251	Sarah Hodges	NGO	Martinland	001-016-163-1445
252	Angela Dunlap	Individual	New Julian	854.203.2129
253	Adam Pittman	NGO	West Christiantown	455.915.1588x8706
254	Felicia Wilkinson	Shelter	Williamsfort	4034230469
255	Walter Myers	Individual	New Tina	+1-285-278-8381x0454
256	Derek Wilson	Individual	Christopherland	+1-963-859-7585x002
257	David Bryant	Shelter	South Amy	434-290-3119x1927
258	Scott Grant	Individual	Port Samantha	001-691-849-8860x97955
259	Aimee Stone	NGO	Barnesport	104-394-7041x83013
260	Patricia White	Charity	Lake Jessicaborough	(434)635-4716x587
261	Maria Lang	NGO	East Moniquemouth	(795)261-1223x445
262	Autumn Reed	NGO	East John	-250
263	Ann Mcclure	Shelter	West Johnmouth	335.776.9231
264	Sandra Townsend DVM	NGO	West Kelly	+1-135-886-0842x42924
265	Rebecca May	Individual	Murrayview	(783)144-3726
266	Stacy Mayo	Shelter	Bauerton	+1-364-925-2936x855
267	Randall Robbins	Shelter	Dylanton	-6493
268	Steven Morton Jr.	Shelter	Kellybury	(884)503-7406
269	Mrs. Paula Jones	Individual	Emilymouth	(935)377-2742x36543
270	Darlene Fernandez	Shelter	Monicaton	0792874429
271	Mark Hartman	Individual	East Ashleyshire	818-015-1582
272	Walter Carter	Shelter	Brianchester	(170)734-4123x02001
273	Jonathan Soto	Charity	Autumnbury	247-993-8111x9057
274	Robin Ross	Individual	East Williamborough	(780)754-0093
275	Michael Johnson	Individual	Longmouth	081.042.8712
276	Scott Hunter	Individual	Greenton	074.305.5053x60975
277	Austin Jones	Charity	Brandonside	(601)474-8397x472
278	Jay Roberts	Shelter	West Christopher	(435)815-1380x935
279	Angela Wyatt	Charity	Port Jessica	592.913.1646x3179
280	Jesse Miller	Shelter	Port Samanthamouth	142.076.4130x9854
281	Mrs. Kristin Adams DDS	Charity	Lake Christychester	073-764-3235
282	Lisa Pitts	Shelter	Lake Stephenport	001-709-342-3522
283	Edward Cook	Charity	Isaiahtown	990-534-5202x158
284	Beth Sanchez	NGO	Dustinfurt	896.737.8178x2821
285	Derrick Curtis	NGO	Stephaniechester	140-095-1639x5596
286	Travis Hughes	Shelter	Castilloland	(905)976-6704x97813
287	Jennifer Johnson	Charity	Burnettton	7970971389
288	Christopher Larsen	NGO	Susanview	146-422-6270
289	Nathan Reynolds	Shelter	Lake Tina	0295226591
290	Karen Brennan	Shelter	Hannahside	6935324960
291	Dawn Thompson	Charity	North Josephland	141.973.6585
292	Mrs. Emily Smith DVM	NGO	Shermantown	(348)542-4932x868
293	Randy Roach	Charity	East Bryan	888-534-4534
294	Cynthia Horton	NGO	Jamesstad	535.576.5970x774
295	Joseph Williams	Individual	East Dale	001-112-513-9413
296	Pamela Santos	Shelter	Lake Michael	865.186.5350x045
297	Deanna Daniels	Individual	Aguilarstad	001-436-929-2288
298	Robert Burke	NGO	Marksmouth	995.297.8023x0932
299	Michael Curtis	Shelter	Alexanderbury	+1-523-687-8881x66849
300	Jeanne Benjamin	NGO	North Alexander	595.000.7971x3446
301	Kristina Simpson	NGO	Melissaport	3752453906
302	Daniel Moore	Charity	Port Richard	176-809-8232x828
303	Joseph Davis	NGO	Millerport	779.802.6319x67760
304	Jennifer Ayala	NGO	Edwardshaven	(929)015-8411x75681
305	Brendan Vargas	NGO	Kellyville	981.660.6741x707
306	Donna Williams	Charity	Calebview	083-313-0990x09518
307	Logan Becker	Charity	North Patriciamouth	-1896
308	Robin Pena	NGO	Cynthiashire	691-775-8145
309	Bryan Smith	Individual	New Julia	001-127-550-6441x5817
310	Gary Adams	Individual	New Sara	001-323-823-4026x61837
311	Tina Jackson	Charity	Geraldchester	103-002-5677
312	Pamela Morales	NGO	Schaeferfort	(791)624-2530x9708
313	David Marsh	Shelter	North Kimberlyfort	(498)526-5768x31348
314	Kelsey Smith	Shelter	Haleymouth	(764)989-3036x77897
315	Anthony Harris	Individual	West Aaronberg	811-306-2805
316	Jacob Montoya	NGO	Meganmouth	609.858.6366x85166
317	Martha Flores	NGO	Lake Glenview	568.426.0750
318	Michael Carter	Charity	Danielborough	+1-149-468-9647x5327
319	Donald Bender	Charity	Andersenfort	(262)899-6349x569
320	Carmen Barker	Shelter	North Williamview	001-151-284-3163
321	Wanda Wise	Shelter	South Bethanyport	(940)028-0493x49472
322	Stephanie Mathews	Shelter	North Ashleymouth	+1-852-242-7762x49312
323	Linda Banks	Individual	New Sarahmouth	323-540-9403x92583
324	Kristine Martin	NGO	Thompsonhaven	444.954.4127x16438
325	Lawrence Owens	Individual	South Amybury	-8967
326	Douglas Jacobs	NGO	East Gina	819-072-2490x353
327	Aaron Keller	Shelter	Melissaview	799.568.0302
328	Carlos Lawrence	Individual	New Justinhaven	272.580.3538
329	Christine Patterson	Individual	Edwardfort	001-270-907-0981x5520
330	Kimberly Hamilton	Individual	North Bruce	398-486-8232x9944
331	Shane Stein	Individual	Reidton	(086)799-6277x14274
332	Raymond Harris	Charity	Hammondfort	173.185.2783
333	Gabriel Vargas	Charity	Chaseview	001-343-254-2598
334	Gina Wu DDS	Shelter	Lake Melindaside	(484)350-0946
335	Deborah Sexton	Shelter	Victoriastad	899-936-4720x6569
336	Laura Marshall	Charity	East Lisafurt	+1-389-167-7916x81453
337	Jennifer Schmidt	Individual	South Michelleshire	007-561-4094x27296
338	Patrick Zimmerman	Shelter	Thomasberg	(913)638-9318x024
339	Dustin Johnson	Individual	Gomezmouth	001-171-995-2815x84366
340	John Baxter	NGO	New William	894-441-9136x66913
341	Anna Buckley	Individual	Murphyfort	421.281.9097x013
342	Kristina Vargas	Charity	Lake Rebeccaton	364.779.6707x066
343	Roberto Stanley	Shelter	Melindaview	(273)299-4177x0763
344	Barbara Velasquez	Charity	Priceborough	(669)247-4183
345	Eric Ramos	Individual	Rushfurt	515.928.1587x32812
346	Mr. Mark Knight DVM	Charity	East Joseph	757-796-7872x2411
347	Michael Keller	Individual	New Derek	(000)572-1246x444
348	Donna Hughes	Individual	Maryfort	352-520-3779x375
349	Gwendolyn Johnson	Individual	West James	649.714.9926
350	Sylvia Stanley	Shelter	Jenniferbury	065-230-0281
351	Kerry Jones	Charity	New Christopher	725-779-5651
352	Cody Martin	Individual	Angelamouth	(239)678-6580x09652
353	Mrs. Stacey Morales MD	Individual	Juliastad	866.050.9817
354	Kimberly Nelson	Charity	Lake Lesliemouth	(009)475-3945
355	Brian Hoffman	Shelter	Lake Dillonborough	(718)753-5421x7242
356	Brian Cherry	Charity	Swansonport	-3054
357	Jacob Orozco	Individual	West Jeffrey	787-834-8225
358	Brian Davis	Charity	Williamsfort	(750)646-5852
359	Travis Walker	NGO	West Dan	(843)905-0785
360	Tammy Boone	Shelter	New Christopher	301.713.7646x501
361	Samuel Lewis	Individual	North Nicole	001-381-807-5033x358
362	Elizabeth Collins	Shelter	Johnland	(601)532-8275x383
363	Stephanie West	Charity	North Jamesfurt	001-794-254-5542
364	Keith Gray	Charity	New Corey	001-297-087-3713x91812
365	Melissa Green	Shelter	South John	621.698.0426x1205
366	Tony Holmes	NGO	Jaredport	623.131.4040x0485
367	Ricardo Roberts	Individual	West Matthewborough	(371)857-1738x24461
368	Debra Murray	NGO	Duncanchester	566-832-5437
369	Sherry Hall	NGO	Davidmouth	256-166-3623x2267
370	Tara Johns	Individual	Paulmouth	374.171.5991x58449
371	William Frederick	NGO	Port Dean	001-228-551-9866
372	Harold Bowen	Charity	South Barbaraburgh	732.692.1653x04238
373	Seth Esparza	Shelter	Port Brandonberg	2597616873
374	Ricky Walker	Individual	Port Johnstad	001-066-700-7862x511
375	Melissa Smith	Shelter	Lake Stevenburgh	-6384
376	John Reeves	NGO	Jamieview	+1-050-306-9244x20943
377	Patrick Campbell	NGO	Leeton	7058064686
378	Brandi Buckley	Shelter	Lawrencechester	518-742-2945x12087
379	Tara Graham	Shelter	Lake Cory	617.869.7697
380	Heather Silva	Charity	Lake Ryan	1340826530
381	Yvette Huffman	Charity	Reevestown	8398518386
382	Patricia Stevens	Shelter	Perezport	001-628-479-0049x980
383	Melissa Kennedy	Individual	West Tina	(129)335-4916x24644
384	Anthony Guerra	Charity	North Michelle	102.222.7070x5313
385	William Barnes	Shelter	Kellyfurt	(257)241-0749x262
386	Mary Hopkins	Individual	Tiffanyport	001-476-350-8465x7500
387	Michael Proctor	Charity	Lisafurt	(119)549-4969
388	Nicole Mueller	Charity	Rachelberg	241-269-1178
389	Kelly Buchanan	Charity	Lake Jonathanchester	106-927-5178x0789
390	Victor Crawford	NGO	New Brandonton	+1-389-087-5252x62752
391	Regina Munoz	NGO	Lake Clinton	585.955.3149
392	Tracy Douglas	NGO	Gordonstad	+1-084-522-8932x8580
393	Dana Simmons	Shelter	West Jorge	005-720-2323x75794
394	Kyle Kerr	Charity	Sarahville	(065)853-7158x4157
395	Joseph Davis	Charity	Sherryhaven	426-870-2757x6102
396	Allison Martinez	NGO	New Amy	(945)511-1142x655
397	Mr. Robert Rivera II	Individual	Bergerport	+1-470-154-5478x4289
398	Alex White	Charity	Port Carmen	(226)363-8449
399	Jennifer Hughes	Charity	West Donnaton	001-147-430-1204x8556
400	John Byrd	Shelter	West Randall	(219)313-6702x212
401	Leslie Acevedo	Charity	Lake Matthew	(028)737-3556x89803
402	Nicholas Mosley MD	Individual	North Manuel	-8218
403	John Collins	Shelter	New Deborahville	001-237-766-3335
404	Marissa Fischer	Shelter	New Kevin	(454)463-8142x8597
405	David Evans	Shelter	Chambersmouth	(316)221-9715
406	Ashley Martinez	NGO	Lake Crystal	151-521-2736
407	Arthur Thomas	Charity	Clarkhaven	001-797-615-8560x7849
408	Jennifer Mccoy	Individual	Morganville	(430)171-1148x1808
409	Matthew Simmons PhD	Shelter	Brandonhaven	001-040-668-4559x58950
410	Betty Reid	Charity	North Abigail	001-526-626-7117x20926
411	Eric Kaiser	Shelter	West Mikayla	001-493-969-0455x844
412	David Carney	NGO	Port Dianemouth	001-710-732-1565x428
413	Dennis Schultz	NGO	New Natalieland	(348)049-0216
414	Dr. Matthew Hughes DDS	NGO	Christopherchester	+1-126-714-2290x91321
415	Kevin Blair	Individual	Lake Laurenburgh	(887)033-5757x4595
416	Ernest Cox	Shelter	Christinaland	(061)462-4166
417	Justin Santos	NGO	Rayfurt	953.221.6291x3146
418	Miss Mary Turner	Charity	North Holly	899-330-2450
419	Teresa Jackson	Shelter	Port Thomasstad	001-620-115-6715x07034
420	Susan Green	Charity	Josephborough	+1-716-778-7428x09975
421	Jonathan Copeland	Shelter	Jonathanview	836.048.1897x257
422	Tina Bean	Charity	South Tyler	001-877-090-0264x425
423	Christine Bell	Individual	South Edwardburgh	(172)033-3196x74489
424	Pamela Harris	Charity	Lewisfort	320-562-3060
425	Robert Chavez	NGO	Chadport	(886)049-9104x019
426	Jose Rivas	Shelter	Rosaleschester	001-411-455-9848x386
427	Toni Johnson	NGO	Lake Steven	(045)229-8601
428	Elizabeth Galvan	NGO	Lake Karen	-2143
429	Daniel Williams	Shelter	Russellburgh	2886093038
430	April Johnson	NGO	Pagemouth	(540)486-0312
431	Mr. Gregory Thompson	Charity	East Douglas	725.348.5813x15130
432	Julie Brown	NGO	East Melissaport	(544)200-6673x39918
433	Michael Dunn	Individual	Lake Kyleside	001-263-994-2712
434	Jason Alvarez	NGO	South Connorview	(107)164-5994
435	Whitney Evans	Shelter	Martinezside	001-355-911-9659
436	Jacqueline Turner	NGO	Robertsport	937.841.8251
437	Lindsey Lewis	Shelter	West Rogerview	001-610-209-8312
438	Jane Davis	Individual	Lake Joshuaville	001-480-554-8487x778
439	Erika Lopez	Shelter	North Margarethaven	117.027.1702
440	Alexander Walsh	Individual	Troyshire	001-443-638-7858x7009
441	Cynthia Johnson	Charity	West Cherylland	716.098.0270x507
442	Natasha Harper	NGO	Port Sara	(474)763-3272x81635
443	Brittany Anderson	Individual	Port Michaelmouth	610-921-4134x12104
444	Michael Simmons	Individual	Coreymouth	427-237-3480x5364
445	Christopher Williams	NGO	North Kathryn	(304)550-4023x26262
446	Eric Mays	NGO	Port Deborahbury	555-698-7496x465
447	Erika West	Individual	Mikemouth	409.663.4270x89860
448	Nicholas Harrison	Shelter	New Timothymouth	0155752106
449	Mrs. Valerie Hartman	NGO	Port Jenniferborough	1271218776
450	Russell Smith	Charity	New Rebecca	+1-581-575-6141x390
451	Marcus Gregory	Shelter	Hollyside	(452)490-4054x2105
452	Tina Banks	Charity	Port Judith	986-535-7620
453	Kristen Alvarado	NGO	Davidport	001-965-776-9092x06414
454	Steven Griffin	NGO	Cruzborough	511.595.0189
455	Jennifer Kennedy	Individual	Port Deborah	9581893095
456	Rodney Perkins	Charity	Lake Christina	2914238876
457	Ryan Cole	Charity	Sandratown	001-477-548-6956x3901
458	Michael Vargas	Charity	East Andrewhaven	(932)466-1933x7047
459	Brandon Riley	NGO	Powerston	742-364-6134
460	Karen Stafford	Shelter	West Justinberg	(040)774-3704
461	Tonya Lewis	NGO	Edwardport	9693197491
462	Timothy Martin	Charity	Lake Adriennechester	0686804383
463	Frank Jackson	Charity	North Jeffreychester	441.504.6385x08595
464	Richard Parsons	Shelter	Bushbury	+1-781-993-1106x42127
465	Makayla Davis	Shelter	Chrisport	282.929.9573
466	Christine Ashley	Individual	South William	(067)618-4352x8380
467	Nathan Gonzales	Charity	East Daniel	543.908.4807x329
468	David Castro	Shelter	Heatherhaven	701.529.8611x3352
469	Steven Martinez	Individual	Johnsonberg	(772)398-6224
470	Edwin Osborne	NGO	North Robinville	160-605-7945
471	David Fuentes	NGO	North Kimberlyland	767.966.0659x378
472	Brian Hill	Charity	Port Dominique	001-468-666-0994x3200
473	Justin Powell	Shelter	Port Sarah	001-823-112-3947x46965
474	Christine Lawrence	Charity	Bobbyfort	(936)378-6017
475	Kim Gamble	Individual	East Ginafort	(076)275-8691
476	Jennifer Baker	Shelter	Castilloshire	+1-340-509-3899x3380
477	Jorge Young	Shelter	Lake Rebeccaton	208.678.3432
478	Benjamin Wilson	NGO	West Aliciaburgh	(522)862-6624
479	Karen Reeves MD	NGO	Lake Mitchellbury	365-174-3809
480	Michael Roberson	NGO	South Davidstad	821.945.1712x4447
481	Heather Brown	Shelter	New Michaelport	001-137-622-5038x219
482	Timothy Garrett	NGO	Andersonview	9075323328
483	Emily Sandoval	Charity	Port Gregory	076-207-0611
484	Mary Harrington	Shelter	Port Jason	(773)159-6013x005
485	Debbie Cox	Charity	Christopherchester	001-858-989-1478x60960
486	Ronald Brown	Shelter	New Dustin	(768)201-4672
487	Micheal Peterson	NGO	West Jeffreyfurt	094.330.4095
488	Patrick Jenkins	Charity	West Richard	(117)098-8608x39905
489	Erin Foster	Charity	Jessicatown	104-981-9543x8798
490	Tiffany Smith	NGO	Port Brandon	150.954.1064x502
491	Molly Edwards	Charity	Rodriguezborough	3469124779
492	Julie Lewis	NGO	South Steven	(557)352-3497x4606
493	Chelsea Powell	Charity	Lake Rachelburgh	001-527-059-4168x72504
494	Timothy Chavez	Individual	Brooksmouth	(939)046-4362x26066
495	Andrea Meyer	Individual	Christophertown	001-579-575-4238x796
496	Kristina Park	Charity	Langburgh	001-608-542-0101
497	Miss Jamie Gonzalez DDS	Charity	Proctorville	(011)132-1619x1390
498	Dennis Ford	Charity	Port Derekland	560-838-8104
499	Ricky Harmon	Individual	Port Chaseport	817.399.8610x569
500	Richard Patterson	Charity	Huynhmouth	1091960030
501	William Davila	Individual	Gilbertborough	632-044-8155
502	Carly Austin	Charity	Connerland	588.696.9694x7636
503	Eileen Scott	Charity	Lewismouth	(834)331-4178x57771
504	Michael Williams	Shelter	Matthewhaven	001-511-204-6271
505	Alexandra Owens	NGO	Bradleyland	927.996.1259
506	Mrs. Kim Blackwell	NGO	Port Margaretport	(978)017-2536
507	Destiny Maldonado	Charity	Carlosfurt	264-754-6432x2877
508	Kimberly Wilson	Individual	Susanville	9903662975
509	Drew Edwards	Charity	Huffmouth	+1-910-217-0650x58040
510	Jeremy Christensen	Individual	Ashleyborough	678-777-3829
511	Kimberly Cox	NGO	Lake Gloria	628-904-6503
512	Anne Stone	Shelter	Pittsville	(468)482-9531x7575
513	Dr. Ryan Gilbert	Individual	Sarahaven	527.386.4611x5297
514	Ashley Bell	Shelter	Olsonland	+1-733-905-4924x97502
515	Misty Downs	NGO	Robertview	064.359.6470
516	Gary Myers	Shelter	Turnerhaven	001-669-919-8102
517	Taylor Wolfe	Individual	New Travisland	516.367.4140
518	Katrina Smith	NGO	Stephanieberg	577.112.9949x6527
519	Elizabeth Salazar	Shelter	Paynestad	(655)147-4123x411
520	Alexandra Jones	NGO	Lisaborough	925.839.2741
521	David Robinson	NGO	Carolinebury	-10053
522	Veronica Robinson	NGO	East Cynthiahaven	(108)881-7279
523	William Fox	NGO	Port Angelafurt	228-002-6281
524	Tiffany Rodriguez	Charity	Ramirezhaven	+1-976-624-2718x90881
525	Michael Dixon	Charity	Rebeccaview	579.632.5450x933
526	Brian Morales	NGO	Darinland	409-939-7232x9674
527	Kelli Fuentes	NGO	East Peter	001-579-200-2768x448
528	Alexander Dean	Charity	New Robert	+1-291-500-3349x3774
529	Amy Perez	Charity	West Jacquelineland	001-692-634-3701x202
530	Lindsay Yates	Individual	Diazshire	+1-988-586-7568x1040
531	Alexandra Rogers	Charity	Paulaburgh	911-326-3274x85954
532	David Sellers DVM	Individual	South Michaelfurt	492.321.3443
533	Joseph Knapp	Shelter	New Michael	117.096.9114
534	Megan Miller	Individual	Anthonyport	252.665.5472
535	Jane Avila	Shelter	Christinahaven	0329872893
536	Margaret Lloyd	Shelter	Phillipston	+1-551-266-7292x92504
537	Earl Eaton	Shelter	Port Michaelport	0764237778
538	Ronald Norton	Individual	Carterton	+1-311-060-5846x0735
539	Jessica Lee	NGO	Vasquezberg	129.597.1071
540	Cristina Curtis	Individual	East Davidbury	504-722-0994
541	Amy Brown	NGO	Shelbyland	752.956.3208x04024
542	Savannah Neal	Individual	Ashleeside	(750)257-4736x9555
543	Brenda Green	Charity	Jacobmouth	001-344-515-4579x388
544	Matthew Wright	NGO	Port Traci	001-782-074-4708
545	Peter Allen	Individual	Port Kristinechester	-2881
546	Meagan Hughes	Charity	Lake Lance	(109)364-9434
547	James Kennedy	Charity	South Donaldshire	543.901.8742x48816
548	Gary Andrews	NGO	Gonzalezstad	-3822
549	Trevor Lam	NGO	New Alexismouth	726-277-0665
550	Shawn Gibson	Individual	South Eric	001-268-793-0427x33000
551	Kyle Vega	Shelter	West Alexandra	-7638
552	Jeremiah Jones	NGO	Shaneport	322.311.4182
553	Scott Proctor	Shelter	Adamland	(998)282-2315x7499
554	Margaret Mccullough	Charity	Ortizmouth	888-890-3956
555	Mary Lewis	Individual	Port Richard	-10088
556	James Wolfe	NGO	Woodsfurt	(337)791-7990x5443
557	Andrea Mcdaniel	NGO	Kingville	(938)395-0602x60948
558	Samantha Salinas	Charity	Rayberg	001-301-396-8153x96235
559	Randy Martinez	Shelter	Brownville	001-788-451-1379x961
560	Matthew Mendez	Shelter	South Meganland	+1-406-192-3141x20799
561	Andrea Morris	NGO	Hallton	(151)391-8350x82191
562	Antonio Murphy	NGO	West Kevin	+1-177-564-0300x9110
563	Brandon Johnson	Charity	Randyville	150.160.9543x250
564	Justin Smith	Individual	Pottertown	-4692
565	Brian Blankenship	Charity	East Jordanborough	+1-450-291-6223x9898
566	Michael Lewis	Individual	East Kimberlymouth	072-078-1249x988
567	Peggy Knight	Shelter	North Michaelville	293-241-7469x5110
568	Melissa Mclaughlin	Charity	Roberttown	671-908-7777x08364
569	Danny Randolph	Shelter	South Yolanda	029.011.8582
570	Anthony Cochran	Individual	Port Todd	+1-960-253-0828x4007
571	Lydia Phillips	Shelter	North Hollyland	(704)162-2429
572	Diana Blair	Shelter	Murrayside	001-632-774-3398x50003
573	William Clark	Shelter	Port Courtneyland	4689527647
574	Mr. William Hunt	Shelter	Barreratown	564.854.6978x7462
575	Jennifer Davila	Shelter	Hollandburgh	+1-401-371-8447x5866
576	Justin Lopez	Individual	East Stephenton	(526)153-8449x436
577	Thomas Burch	Charity	North Lori	3908825868
578	Larry Bradshaw	NGO	Lake Cody	001-843-597-3151
579	Nancy Guerrero	Individual	South Elizabeth	(891)381-7696
580	Yesenia Solomon	Charity	Port Paulaton	7765870514
581	April Mcintosh	Charity	North Sherribury	925-387-5931x9388
582	Douglas Cook	Shelter	Hunterbury	872.454.8537
583	Sean Henderson	NGO	Lake Gregory	553.326.4934x118
584	Austin Vance	Shelter	Whiteside	(074)087-1962x83029
585	Mark Lewis	NGO	Lisaview	+1-894-554-0220x5777
586	Amy Barker	Shelter	North Nathanville	001-806-821-3010x5044
587	Jennifer Clark	NGO	Spencermouth	+1-862-196-7109x9671
588	Laurie Alvarez	Shelter	North Raymond	(463)392-9887x42698
589	Nicole Williams	NGO	West Richard	727.771.3700
590	Terry Fernandez	Shelter	Mooreburgh	506.052.7523x43392
591	Susan Clark	NGO	Beckville	(020)435-7439
592	Michael Pennington	Charity	South Gabrielmouth	(905)420-9084
593	Douglas Mann MD	NGO	North Lisaburgh	3180399487
594	Sheri Johnson	Shelter	North Christopher	253.920.0751
595	Courtney Whitney	Individual	West Mariashire	001-528-446-7897
596	Natalie Navarro	Shelter	West Carrieberg	001-433-742-6627x972
597	Willie Nichols	Charity	Jonesland	001-117-609-7351x313
598	Alexa Guerra	NGO	Ariasbury	7691923865
599	Christopher Davis	NGO	South Yvettestad	+1-496-952-5072x2056
600	Bruce Alexander	Individual	New Tammyhaven	376.501.2938
601	Peter Gonzalez	Shelter	Biancaton	(112)578-4601x9811
602	Paul Carter	Individual	Kinghaven	(108)002-5301x83445
603	Christina Caldwell	Shelter	New Christopherburgh	(457)874-5807x7325
604	Ashley Hall	Individual	Butlerborough	-4664
605	Tara Johnson	NGO	East Nathan	9017973598
606	Jenna Bowen	Shelter	Nicoleside	(682)183-9790x650
607	Sean Wolf	NGO	Mcfarlandhaven	(490)913-7034x400
608	Oscar Bauer	Charity	South Nicoleberg	001-874-507-6783
609	Brian Riddle	Shelter	Jenniferbury	1493189525
610	Jimmy Morton	Charity	New Carrie	001-721-348-0570x6158
611	Jeff Rivas	Charity	Mcdanielmouth	675.065.4290x4573
612	Meredith Griffin	NGO	Patriciamouth	(330)818-7400
613	Renee Campbell	Shelter	North Tiffanyfort	199.375.0653x151
614	Peggy Parker	Shelter	South Waynefurt	(643)518-3066
615	Rachel Carson	NGO	Robertside	001-910-852-2109x575
616	Christopher Wright	Shelter	New Kellytown	+1-631-074-8622x827
617	Justin Lee	Individual	Shelleyburgh	199.646.5303x65771
618	Samuel Mendez	Individual	Andersonland	(064)431-0381
619	Taylor Estrada	NGO	Nguyenview	001-351-556-5960x359
620	Cassandra Foster	Individual	West Danielview	(283)047-5421x9049
621	David Jordan	Individual	Mendozabury	(705)816-8331x096
622	Gary Torres	Charity	Kimberlyview	(816)141-2613x8114
623	Phillip Rogers	Individual	Keithstad	626.554.6466x12045
624	Alvin Day Jr.	NGO	East Heatherbury	722.127.8600
625	Paul Lee	NGO	Stephenchester	+1-874-157-5024x3157
626	Theresa Gonzalez	Charity	Port David	050.568.6038x358
627	Beth Chavez	Shelter	East Nicole	+1-249-991-1004x0285
628	James Gardner	NGO	Morenoborough	405.211.3183x136
629	Andrea Hansen	NGO	Lake Mary	407.525.5651x8151
630	Sarah Ochoa	Charity	Vancebury	9182551669
631	Diana Fisher	Shelter	New Daryl	974.391.4500x152
632	Austin Smith	NGO	North Marcusbury	219-381-8831x93973
633	Jay Higgins	NGO	Perezhaven	880.990.8313
634	Jessica Watkins	Charity	Robertton	368.959.4075x9286
635	Lisa Marshall	Charity	Johnville	375.423.1187
636	Devon Burton	Charity	Blakehaven	907.108.9325x817
637	Benjamin Soto	NGO	West Garretthaven	8693958395
638	Timothy Browning	Charity	Moralesfort	001-836-247-3024
639	Jeffrey Vaughan	Charity	Cameronfurt	129-365-7408x619
640	Joseph Smith	NGO	Anthonystad	716-698-3766x7391
641	Robert Jones	Shelter	East Antoniobury	001-480-168-1124x978
642	Sarah Rose	NGO	New Ryanmouth	247-388-0838x6557
643	Mary Morrow	NGO	Melaniehaven	001-995-921-9720x7901
644	Deanna Brown DDS	Individual	Fowlerburgh	(695)147-4833
645	Steven Armstrong	NGO	Robertfurt	2161559564
646	Maria Lee	Individual	West Juanchester	(433)729-7840
647	Christine Davis	Charity	Josephton	144.359.7605
648	Heather Stewart	NGO	South Lucasview	518-936-4091x169
649	Cory Schmidt MD	Individual	Johnsonville	001-915-535-6309x779
650	Nicholas Peterson	NGO	West Troyview	001-528-783-1533x9196
651	Rebecca Mcbride	Charity	Port Timothymouth	(159)421-4100x43055
652	Sandy Ward	Shelter	North Michael	+1-532-646-0437x1719
653	Jason Garcia	Shelter	Port Mariemouth	229-688-4610x87983
654	John Murray	Shelter	Fernandezberg	001-664-004-0117x5796
655	Lauren Golden	NGO	Michealstad	(509)120-3093
656	Christopher Clark	NGO	Port Peggyshire	-5403
657	Patricia Salas	Individual	Port Maryshire	569.514.7193
658	Frank Olson	Shelter	South Anthonyside	001-996-747-5678x5051
659	Elizabeth Stewart	NGO	Kempstad	(659)731-0182x7759
660	James Hernandez II	Charity	Kenthaven	001-036-235-2960
661	Robert White	Charity	Petersonmouth	982.838.9359
662	Gabriel Harris	Individual	Port Shannonhaven	(853)034-2142x599
663	Michael English	NGO	Lake Daniel	612.320.3740
664	Joseph Nelson	Individual	Phillipston	7800327079
665	Felicia Collier	NGO	Toddstad	+1-113-202-4089x101
666	Meredith Hull	NGO	Markfurt	575-879-8768x33505
667	Christine Beasley	Individual	Jensenland	(667)729-4034
668	Maria Singh	NGO	Brandonhaven	+1-353-127-1876x477
669	Karen Cox	Charity	Davidland	791-759-9054x23904
670	Amber Hobbs	NGO	Rogersfort	914.864.5127x8523
671	Cindy Green PhD	NGO	Sharpfurt	6744184457
672	Janice Thornton	Charity	Allenmouth	(646)735-9177x4671
673	Shelly Castillo	Charity	Chenview	001-984-641-2359x15247
674	Stephen Harris	Charity	Port Seanshire	+1-163-880-7237x908
675	Robert Day	NGO	Goodmanfort	001-284-742-4202x15864
676	John Williams	Charity	Brooksborough	(057)537-1761x52273
677	Joshua Rush	Charity	New Mark	602-694-4031x226
678	Joseph Johnson	NGO	South Jasminechester	412.202.8352x6950
679	Alexis Rodriguez	Shelter	South Shirleymouth	(748)827-8108x926
680	James Lewis	NGO	Richardton	001-151-287-1850
681	Becky Hernandez	Shelter	Jeanshire	001-950-510-9795x700
682	Paige Lewis	Shelter	Karenfort	(150)608-5231x697
683	Mark Williams	NGO	Taylorport	001-520-963-8410
684	Kiara Martinez	Individual	Ellisborough	829-939-8804
685	Angela Knight	Individual	Port Joshua	491-330-2377x936
686	Spencer Roberts	Charity	East Sheenahaven	074-920-1029x14932
687	Danny Palmer	NGO	North Erikhaven	+1-931-315-8378x838
688	Jeffrey Turner	Charity	East Tiffanyview	001-321-160-3094x50214
689	Michael Murphy	NGO	Lake Sheilaland	+1-887-843-6402x64812
690	Jeffrey Knight	Individual	Wardshire	(207)794-8313
691	Brittany Williams	Individual	Christinehaven	078.314.8173x43041
692	Christopher Stokes	Individual	Joshuahaven	001-305-048-7931x49531
693	Carl Brewer	Individual	Nelsonbury	846-764-5157x7104
694	Rachel Arnold	Shelter	New James	001-087-674-1329x05614
695	Janet Newton	Individual	West Amandaport	930-590-8261
696	Kellie Hart	Charity	Changview	+1-235-589-9126x33112
697	Laura Leach	Charity	Davidtown	5465940771
698	Dawn Rodriguez MD	Charity	New Shauntown	+1-083-624-3293x3668
699	Sabrina Johnson	Charity	East Emily	001-552-124-3791
700	Kimberly Duncan	Shelter	West Monica	001-851-158-2436x740
701	Amber Arellano	NGO	South Marymouth	+1-718-425-8787x628
702	Rebecca Chan	Charity	West Brittany	(279)707-3052
703	Mr. Jonathan Williams	Individual	Bruceburgh	(606)010-6061
704	Jason Lowe	NGO	Sarahside	063.115.0253
705	Christopher Sellers	Charity	East Nathanstad	(570)957-6832
706	Shannon Jensen	Shelter	Lake Kevinport	001-378-570-1120x234
707	Jason Martin	Charity	New Frederickfort	001-501-877-7120x4743
708	Jacob Mendez	Individual	South Jason	(818)358-6757
709	Matthew Sanchez	Individual	New Stephanie	131.083.4622x013
710	Eric Carrillo	Shelter	Nicholsonland	001-905-007-8793x1997
711	Mark Carroll	Shelter	Lovestad	+1-762-369-5612x249
712	Laura Graham	NGO	Mercerport	096.804.5311x455
713	Robert Moses	Shelter	Port Terry	(629)870-5299x9094
714	Adam Phelps	Individual	North Amanda	001-586-612-6376
715	Tyler Christensen	Charity	Lake Douglas	306-691-2501
716	Angela Gregory	Individual	Lake Tracytown	(817)856-6676x112
717	Jonathon Gregory	Individual	Shortfort	040-511-7461x377
718	Matthew Brown	Individual	Port Amberfurt	785-336-0978
719	Brian Oneill	NGO	East Stephaniefort	(423)691-4227
720	Jeremiah Terry	Individual	Nicoleberg	+1-095-501-3103x762
721	Ashley Ramirez	Charity	Heatherburgh	604-382-3103
722	Deanna Owens	NGO	South Mark	(865)410-9397
723	Lisa Kim	Individual	New Brandyhaven	-3415
724	Randall Ford	Shelter	East Tasha	(072)037-8421x0768
725	Edward Lopez	NGO	New Matthewton	683-591-7229
726	Tammy Brown	Shelter	Victorton	+1-244-569-1621x3556
727	Troy Jimenez	Shelter	Port Marc	829.246.2756x7494
728	Dustin Stark	Charity	Kimberlymouth	(716)950-4574x79791
729	David Spence	Charity	Port Curtisside	-2655
730	Felicia Glover	Shelter	East Michael	982-844-2370
731	Jacob Scott	Charity	South Jenniferburgh	001-857-216-8483
732	Jessica Shields	Shelter	South Richard	519.092.5018x2511
733	David Fox	Individual	Longmouth	001-542-800-4782x916
734	Amanda Buchanan	NGO	Perryton	121-718-4571x61884
735	Kyle Scott	Individual	Reedview	001-980-204-3107x974
736	Damon Schmidt	Charity	Cummingschester	001-695-722-3687x35864
737	James Brown	Shelter	Lake Catherine	(152)508-8754x91151
738	Matthew Morgan	Charity	Robertton	(535)512-2781
739	Nancy Jones	Shelter	West Bradley	806.457.8047x368
740	Denise Lucas	Charity	East Jamesmouth	006.775.8489x1702
741	Amber Burnett	Charity	Garciashire	901-355-9555
742	Matthew Webb	Charity	West David	001-998-341-9445x0465
743	Nicholas Tucker	Charity	Port Samantha	(290)071-2070
744	Matthew Deleon	Individual	Danielsview	006.940.9278x989
745	Jose Vance	NGO	Lake Heatherberg	216.620.7837x2021
746	Kenneth Barnes	NGO	South Lindsay	(868)434-0244
747	Vanessa Johnson	Shelter	Wilsonshire	(151)347-7079x5528
748	Bridget Williams	Charity	South Williamview	001-079-347-2416x344
749	Michael Craig	Individual	Moralesburgh	131-489-9950x8143
750	Levi Lucas	Charity	North Vanessamouth	095-763-5392x058
751	Travis Johnson	Shelter	South Edward	785-640-1614
752	Cassidy Alvarado	Individual	Leahchester	-5812
753	Samantha Potter	Charity	Aguilarbury	+1-541-434-4196x086
754	Michael Ford	Individual	New Sean	389-988-8452
755	Eugene Beltran	Shelter	South Samanthaburgh	001-696-616-2431x933
756	Emma Anderson	NGO	Lake Michelle	001-369-347-5266
757	Christopher Garcia	Charity	North Danielchester	+1-837-555-5633x0883
758	Jennifer Lucero	NGO	South Theresaberg	(386)105-5091x35748
759	Kathleen Watkins	Shelter	Hardyberg	(435)788-4119x238
760	Gina Blankenship	Shelter	Brittanyborough	001-318-721-7199x01418
761	Douglas Roberts	Shelter	Deanstad	+1-988-077-7950x039
762	Donna Chang	NGO	East Stevenborough	9564962501
763	Karen Williamson	Shelter	Sandovalmouth	857-588-4472x78504
764	Krista Williams	Shelter	Oliverberg	4814373776
765	Joshua Hooper	Shelter	Buchananton	+1-013-463-1430x05130
766	John Reynolds	Shelter	Grahambury	001-062-085-9402x6875
767	Jordan Hart	Shelter	East Julietown	+1-161-753-6365x946
768	Mary Wilson	Charity	Lake Kimberlyton	484-336-3858x53588
769	John Warner	Shelter	Cookhaven	-5717
770	Jacob Gibbs	Charity	New Jesus	(806)265-1675
771	Emily Gallagher	Individual	Wagnerburgh	4916631678
772	Cassandra Yoder	Charity	Danielfurt	+1-928-766-0621x673
773	Hunter Richards	NGO	West Victoriaberg	001-581-778-1214
774	Tracy Bass	NGO	South Jessicaburgh	461-258-4749x956
775	Thomas Nelson	Charity	Donnamouth	+1-227-601-8962x271
776	James Thompson	Shelter	Ronaldmouth	(121)732-7913x396
777	Julie Dickerson	Shelter	Diazbury	383.138.2733x067
778	Kristie Townsend	Shelter	Melissaberg	(167)438-9582x45761
779	James Turner	NGO	North Mallorystad	+1-700-709-7978x681
780	Jacqueline Johnson	Shelter	Jeffreyland	+1-208-657-1423x44884
781	Jason Taylor	NGO	Reginaburgh	150-638-0354x9178
782	Timothy Burns	Charity	East Janetstad	(262)555-7560
783	Monica Phillips	Charity	New Phillipfurt	188-588-9838
784	Jill Harris	Shelter	Josephfurt	039-813-7188x11427
785	Melissa Lee	Charity	Brownport	(833)194-0479x719
786	Robert Kim	Shelter	Port Gabrielleborough	513-156-7998x53487
787	Rachel Rios	NGO	Sarahaven	319-104-8885
788	Beth Phillips	NGO	Zacharyview	(293)383-2279x8386
789	Laura Robertson	NGO	Hansonfurt	616-851-6533x67759
790	Stephanie Smith	Charity	West Carrieport	001-028-411-5954x38730
791	David Kennedy	Charity	Port Caleb	001-061-612-9715x40982
792	Tamara Frey	Shelter	Deanfort	(976)168-5693x615
793	Renee Anderson	Charity	Princehaven	040.132.4956
794	Lee Nunez	Individual	Andersonfort	468.857.1870x688
795	Caitlin Cobb	Charity	North Andresport	-6768
796	Lisa Carroll	NGO	South Jamesfort	+1-223-842-8919x643
797	Robert Becker	Charity	Danielland	060.756.0612
798	James Estrada	Individual	Westport	001-020-450-8542x5607
799	Adam Moore	Charity	East Josephview	+1-119-080-3260x81212
800	Anthony Garcia	Individual	Brownbury	+1-845-541-9687x513
801	Samantha Simpson	Shelter	West Meganmouth	001-030-832-3866x065
802	Lisa Cruz	Charity	Stevenmouth	(372)091-7748x36631
803	Joseph Stafford	Shelter	Lake Lindseystad	8127825617
804	Elizabeth Cochran	NGO	Theresabury	7711350025
805	Sharon Martin	Individual	South Michelleport	885.889.2008x8858
806	James Miller	NGO	Lisabury	+1-499-819-6868x6637
807	Taylor Miller	NGO	Josephside	+1-022-270-5486x316
808	Pamela Finley	Individual	Harrisfurt	001-160-542-5380x55508
809	Karen Cain	Individual	East Daisybury	506-960-4185x0865
810	Cody Meyer	NGO	Westshire	415.147.2095x47370
811	Scott Schroeder	Shelter	Markfurt	001-229-042-2531x276
812	Sabrina Klein MD	Individual	Shawhaven	071.615.4555x80217
813	Amber Hale	Individual	Comptonside	001-750-235-2728
814	Michael Petersen	NGO	Maryside	+1-454-301-1932x97038
815	James Miller	NGO	North Dawn	001-359-139-7284x11773
816	Jeremiah Hampton	Charity	South Sheryl	(837)048-4121
817	Victoria Torres	Charity	Martinchester	+1-624-780-9445x7755
818	Danielle Hayes	NGO	Andreaberg	1310927379
819	Christina Lambert	Shelter	Delgadofort	637.516.9143x5014
820	Patrick Velasquez	Individual	West Jacob	606-166-7246x746
821	Jeffrey Wilson	Charity	Davisport	001-245-390-7219x847
822	Aaron Malone	Shelter	East Mark	+1-803-136-6978x6095
823	James Rose	Shelter	East Amandaberg	658-204-7743
824	Madison Myers	Shelter	Cruzland	(123)500-8333x8386
825	Charles Morris	Charity	New Olivia	(006)107-4825x44414
826	Mr. Steven Reeves MD	Individual	West Jacquelinefort	+1-263-739-4608x1451
827	John Simmons	NGO	North Tanner	797-388-6145x650
828	Jason Mcpherson	Shelter	Michaelside	403.693.4197x409
829	Mr. Brian Fox	Charity	Scottbury	(301)316-4760x229
830	Jeffrey Cooper	Shelter	Lake Christian	001-877-245-5095
831	Samantha Ellison	Individual	New Kimberly	522.437.7292x9078
832	Kylie Young	Shelter	Ginaview	9131186244
833	Kelly Pierce	Shelter	West Josephland	370.467.1150x479
834	Renee Flynn	Individual	South Mark	093.501.8423
835	Jennifer Wright	Shelter	Lauratown	(257)556-3261x76228
836	Scott Craig	Shelter	South Lisa	118.382.6136
837	Michelle Reed	Shelter	West John	1072168815
838	Jessica Stephens	Charity	West Michaelton	358-977-8320
839	Michael Cox	NGO	North Kelly	001-953-739-5146x845
840	Mary Anderson	Shelter	South Mirandamouth	+1-148-126-0133x15456
841	Brian Reed	NGO	Amandaburgh	640.564.9498x1956
842	Robert Stewart	Shelter	New Laura	873-501-6244x4712
843	Glenn Anthony	Charity	Halltown	502-960-7549
844	Andrew Gray	Individual	Lake Dustin	(448)005-7192x2140
845	Adam Horton	NGO	Ramosberg	364-423-0076x300
846	Charles Aguilar	NGO	Johnsonchester	+1-148-261-9107x10033
847	Wesley Myers	Shelter	Meganburgh	(285)991-7532x0243
848	Terrence Wagner	Individual	Taraside	001-832-246-7583
849	Kyle Johnson	Shelter	Ellisshire	001-887-766-6073
850	Kristopher Mendoza	Individual	Bradfurt	(678)116-6339x54475
851	Christina Brown	NGO	Wyattton	(983)034-7865
852	Jo Martinez	Charity	Port Williamtown	+1-264-342-6012x6505
853	Tanya Lowe	Charity	Crawfordchester	(677)596-9794
854	Christopher Diaz	Individual	Lorifurt	001-442-106-2480x735
855	Robert Abbott	NGO	Collierburgh	+1-114-532-8181x037
856	Amanda Brown	Individual	New Larryshire	176.330.5060
857	Jennifer Taylor	Individual	Lake Kaylamouth	001-024-241-1359
858	Ashley Harris	Individual	Lake Stephenchester	001-680-582-4607x74285
859	Dana Williams	Charity	Cookstad	5259995693
860	James Knight	Charity	Kirkfort	+1-001-504-4343x556
861	Ashley Clark	NGO	Poolebury	518.622.6804x900
862	Justin Martinez	Individual	New Erikamouth	697-357-7122x04253
863	Jessica Camacho	Individual	Billyland	(190)674-9988x688
864	Justin Anderson	NGO	South Craigborough	+1-967-629-8865x504
865	Katherine Houston	Individual	Lake Joshuabury	(935)420-0196x9064
866	Jose Cooper	Shelter	Pooleside	(083)601-2157
867	Tara Williams	Individual	New Dakotahaven	7246108348
868	Kayla Erickson	Shelter	West Lindseyside	213.752.6967x0263
869	David Mendoza	Charity	North Shawnastad	001-517-864-9061x969
870	Joshua Mendoza	Charity	North Amy	(842)876-7043x953
871	Veronica Adams	Individual	Natalieside	3857123680
872	Lori Peters	Individual	Annaborough	270.652.6057x691
873	Darius Reid	Charity	Port Philipmouth	(306)939-5162
874	Danny Brown	Individual	East Shirley	829.371.2280x79605
875	Scott Smith	Individual	New Donnahaven	001-376-965-5711
876	Jeremy Robinson	NGO	Jamesview	001-097-198-3229x7777
877	Jeffrey Stafford	Shelter	North Nicholasborough	454.460.2468x7969
878	Cory Johnson	NGO	Port Robertmouth	(944)311-5766
879	Bridget Hill	Charity	South Emily	868-465-2331x6437
880	Kristen Foster	Shelter	North Ricardo	749.252.8592
881	Alan Riley	NGO	Tylermouth	+1-191-620-2120x274
882	Steven Shaffer	Shelter	Rodneyport	(799)793-9460
883	Aaron Rios	NGO	New Jeffreyhaven	543-629-4859x81093
884	Mary Evans	Shelter	North Josephmouth	248-457-5683
885	James Hardin	Individual	East Robert	716.035.6813x982
886	Amber Cruz	Shelter	Allenborough	+1-077-073-1734x206
887	Jean Woods	Shelter	Fernandezchester	+1-688-546-8304x8077
888	Matthew Davis	Charity	Birdview	1367475533
889	Holly Aguilar	NGO	West Sara	799.506.2068
890	Joseph Whitaker	NGO	Jamesborough	001-059-271-8576
891	Thomas Myers	Shelter	North Haleyhaven	579-856-5722
892	Brian Hardy	NGO	Lake Williamhaven	(062)642-7542x67155
893	Carrie Hess	Charity	Jarvisshire	+1-828-067-9673x188
894	Tammy Fletcher	Charity	New Adrian	219-550-2711
895	Ms. Deborah Campos	Individual	West Barry	001-579-948-5058
896	Jennifer Smith	Shelter	Josephton	179-728-0744
897	Shelby Rice	Shelter	New Loriberg	+1-213-470-2112x7474
898	Emily Ramos	Shelter	East Michaelview	033-795-7197x362
899	Rachel Pena	NGO	Grossport	(523)668-5935x836
900	Hannah Reynolds	Charity	East Kevinberg	731-040-5330x77836
901	Donald Caldwell	Shelter	Dawsonberg	001-191-071-2217x6177
902	Michelle Riley	NGO	New Juliaton	001-012-497-9466x8873
903	Cindy Robinson DDS	Shelter	Franklinview	4186239588
904	Amanda Kline	Shelter	East Travis	001-265-376-3204x275
905	Ann Odonnell	Charity	East Michael	(926)345-7660x29567
906	Christopher Gonzalez	Shelter	Payneland	+1-510-241-2999x765
907	Jamie Jenkins	NGO	New Melanie	001-676-903-9528x783
908	Abigail Crawford	NGO	Lake Shawn	(010)152-8668
909	Matthew Cordova	NGO	Rubioborough	001-905-589-8944x09730
910	Tina Donaldson	Shelter	Lake Brandibury	736-446-4714
911	Devon Martinez	Individual	Jessicaland	(861)258-2469x860
912	Katelyn Proctor	Charity	Williamsborough	001-949-271-7461x8101
913	Jeffrey Jones	NGO	Kennethmouth	2972292136
914	Jeffrey Walker	Individual	Woodardview	0284721603
915	Deborah Garza	Shelter	South Alanville	695-589-2656
916	Lindsey Mathis	Shelter	Ianland	816.558.5061
917	Michael Townsend	Shelter	East Kevin	034.803.8502x33851
918	Katrina Cruz	Charity	Jenkinsfurt	709-191-5616x88772
919	Sarah Brown	Shelter	North Christina	001-119-880-7367x9899
920	Gregory Rodriguez	Charity	West Davidview	671.667.1616
921	Kelly Walls	Individual	Lake Victoriaton	857-517-5280
922	Savannah Holland	Individual	Kelleystad	4876887575
923	Victor Diaz	Shelter	Darinview	561.923.0470x922
924	Sarah Roberts	Shelter	North Janetland	001-513-459-3188x9757
925	Cassidy Davis	Individual	West Donaldmouth	001-815-359-4471
926	Kimberly Ware	Individual	East Sheriton	001-078-266-0266
927	Mary Escobar	Individual	Gloriaview	(663)863-6846x9153
928	Barbara Richards	Charity	Carlostown	524-811-9365x51761
929	Donna Terry	Charity	Mathistown	(104)858-7570
930	Joseph Smith	Shelter	Dunnbury	909.913.1799
931	Rhonda Lewis	Individual	South Michael	001-068-151-1254x26821
932	Justin Stevens	Charity	South Mary	001-756-051-1371x9827
933	Jodi Lee	NGO	West Paulfort	3517962649
934	Dr. Wendy Terrell	Charity	Erikashire	566-236-8791
935	John Harris	NGO	Riverafort	+1-827-545-0294x5697
936	Jacob Horton	NGO	Port Douglasland	+1-286-744-5283x04031
937	Mark Ward	NGO	Port Jonathanton	0384311430
938	Matthew Thornton	NGO	Hayesfort	1084069823
939	Chad Vaughn	Charity	Lake Brandonborough	(565)199-2977x36531
940	Lynn Lucas	Charity	Elizabethberg	689-129-0146
941	Jessica Boyd	NGO	South Heather	001-758-410-5626x844
942	Earl Hess	Charity	Rodneyborough	(009)175-1556
943	Rebecca Lucas	Charity	New Jessicabury	721.446.3873x3399
944	Sharon Wood	Charity	New Melindashire	5282176863
945	Alex Leon	Individual	Caitlynhaven	(667)114-0630x55873
946	Taylor Mann	Charity	North Lawrence	001-766-748-2534x468
947	Debra Webster	Charity	East Debramouth	(930)291-9053x13757
948	Thomas Castaneda	NGO	West Ashleymouth	182.504.4729x4296
949	Allison Pennington	Individual	North Lydiaberg	-8096
950	Caitlin Bennett	NGO	Delacruzborough	(351)050-3132x9588
951	Brittany Mcclain	Individual	Robertville	(811)036-2093x7533
952	Sarah Morgan	Charity	Gilbertfurt	-9438
953	Tina Anderson	Charity	Port Jonathanhaven	102-168-5649
954	Mark Russell	NGO	Nathanstad	(381)175-3680
955	Christopher Wong	Charity	Jacquelineshire	(745)135-7397
956	Jacqueline Fernandez	Charity	Kennethside	+1-573-412-8522x8213
957	Angela Hall	Charity	Greenville	2576243615
958	Scott Brown	Individual	Oneillland	001-879-448-7571x7987
959	Samantha Gomez	Charity	Suzanneton	001-955-495-8534x09912
960	Jason Hughes	Shelter	Myerstown	851-627-0395x00955
961	Tyler Gray	NGO	West Dustinberg	(374)850-8848
962	Donald Anderson	Shelter	North Stephanieborough	+1-224-951-1888x539
963	Victor Ward	NGO	Johnhaven	628-048-2026x3385
964	Donald Moore	Individual	Davisfort	001-742-164-8768x9906
965	Ashley Silva	NGO	Port Thomas	(553)048-3123x8350
966	Sheila Lang	NGO	Lake Larryborough	001-585-286-2289
967	Samantha Sherman	Individual	Port Cindyberg	(659)277-6748x37772
968	Mr. Joseph Herring	Individual	Mariefurt	839.044.2094
969	Leon Foster	NGO	Bennettton	198-936-9076
970	Brandon Rice	Shelter	South Benjamin	-2939
971	Teresa Estrada	Individual	Mayburgh	320-778-4104
972	Patricia Joseph	Individual	Lauraport	611-927-6696x43169
973	Brian Johnson	NGO	Patrickfort	001-751-479-5501x9929
974	Mark Miller	NGO	North Joshua	011.361.1154x694
975	Danielle Bullock	Individual	Amandafurt	(888)253-9476x2056
976	Tammy Patrick	Individual	Clarkton	001-671-552-9014x817
977	Pamela Scott	Charity	South Paul	310-642-0442
978	Adam Evans	Individual	Lake Sonya	484-398-0067x44415
979	Rebecca Wright	Charity	Teresastad	+1-707-387-4410x419
980	Elizabeth Fisher	Shelter	Carrborough	(298)908-3776x9550
981	Dawn Jennings	Shelter	Port Cody	085-759-6512x5392
982	Thomas Villanueva	NGO	Gutierrezmouth	001-338-603-9644
983	Joanna Black	NGO	North Jacobhaven	781.950.5825
984	Steve Kirby	Charity	Travishaven	815.195.8711x59256
985	Thomas Sanchez	NGO	Rodneyfurt	231.592.1072x512
986	Rita Kane	Shelter	South Jamie	-2708
987	Becky Smith	Shelter	East Renee	7907087489
988	Kristi Rodriguez	Charity	Nielsenberg	349.864.5409x08379
989	Timothy Bradshaw	Individual	North Laura	451-260-5312
990	Patricia Hardy	Shelter	Thomasport	076.687.3532x03467
991	Lindsey Wagner	Shelter	Jessicaburgh	(401)052-7584
992	James Curry	Individual	Port Johnside	(223)043-8999x392
993	Alexis Hayes	Shelter	Matthewmouth	543-812-0534x6473
994	Angelica Simmons	NGO	Port Kellifort	(902)942-8232
995	Brittany Taylor	Individual	Andrewsport	296-568-7106x4981
996	Matthew Curtis	Shelter	Lanechester	127-889-4442x1289
997	Amanda Cain	NGO	New Steven	+1-001-491-5601x5316
998	Theodore Briggs	Individual	South Sandra	930-609-9442x5031
999	Cheyenne Ramsey	NGO	Lake Jeffery	001-326-320-4816x15300
1000	April Miller	Shelter	Shelbychester	894-873-2652x23999
\.


--
-- Name: claims_claim_id_seq; Type: SEQUENCE SET; Schema: public; Owner: postgres
--

SELECT pg_catalog.setval('public.claims_claim_id_seq', 1, false);


--
-- Name: food_listings_food_id_seq; Type: SEQUENCE SET; Schema: public; Owner: postgres
--

SELECT pg_catalog.setval('public.food_listings_food_id_seq', 1, false);


--
-- Name: providers_provider_id_seq; Type: SEQUENCE SET; Schema: public; Owner: postgres
--

SELECT pg_catalog.setval('public.providers_provider_id_seq', 1, false);


--
-- Name: receivers_receiver_id_seq; Type: SEQUENCE SET; Schema: public; Owner: postgres
--

SELECT pg_catalog.setval('public.receivers_receiver_id_seq', 1, false);


--
-- Name: claims claims_pkey; Type: CONSTRAINT; Schema: public; Owner: postgres
--

ALTER TABLE ONLY public.claims
    ADD CONSTRAINT claims_pkey PRIMARY KEY (claim_id);


--
-- Name: food_listings food_listings_pkey; Type: CONSTRAINT; Schema: public; Owner: postgres
--

ALTER TABLE ONLY public.food_listings
    ADD CONSTRAINT food_listings_pkey PRIMARY KEY (food_id);


--
-- Name: providers providers_pkey; Type: CONSTRAINT; Schema: public; Owner: postgres
--

ALTER TABLE ONLY public.providers
    ADD CONSTRAINT providers_pkey PRIMARY KEY (provider_id);


--
-- Name: receivers receivers_pkey; Type: CONSTRAINT; Schema: public; Owner: postgres
--

ALTER TABLE ONLY public.receivers
    ADD CONSTRAINT receivers_pkey PRIMARY KEY (receiver_id);


--
-- Name: claims claims_food_id_fkey; Type: FK CONSTRAINT; Schema: public; Owner: postgres
--

ALTER TABLE ONLY public.claims
    ADD CONSTRAINT claims_food_id_fkey FOREIGN KEY (food_id) REFERENCES public.food_listings(food_id);


--
-- Name: claims claims_receiver_id_fkey; Type: FK CONSTRAINT; Schema: public; Owner: postgres
--

ALTER TABLE ONLY public.claims
    ADD CONSTRAINT claims_receiver_id_fkey FOREIGN KEY (receiver_id) REFERENCES public.receivers(receiver_id);


--
-- Name: food_listings food_listings_provider_id_fkey; Type: FK CONSTRAINT; Schema: public; Owner: postgres
--

ALTER TABLE ONLY public.food_listings
    ADD CONSTRAINT food_listings_provider_id_fkey FOREIGN KEY (provider_id) REFERENCES public.providers(provider_id);


--
-- PostgreSQL database dump complete
--

